{"model":{"version":3,"nodes":[{"name":"RootNode","position":[0,0,0],"rotation":[0,0,0],"scale":[0.01,0.01,0.01],"scaleCompensation":false},{"name":"group","position":[2.08167e-14,-5.06539e-14,-2.55351e-13],"rotation":[0,0,0],"scale":[1,1,1],"scaleCompensation":false},{"name":"Assects1","position":[0,0,0],"rotation":[0,0,0],"scale":[1,1,1],"scaleCompensation":false},{"name":"Stall_5_2","position":[-42.6484,14.6074,-25.4557],"rotation":[-0,90,0],"scale":[650.358,442.845,614.511],"scaleCompensation":false}],"parents":[-1,0,1,2],"skins":[],"morphs":[],"vertices":[{"position":{"type":"float32","components":3,"data":[-0.507315,-0.00340857,0.662456,-0.52315,-0.0199938,0.624861,-0.518325,-0.0199828,0.665495,-0.511862,-0.00340907,0.62422,-0.511385,-0.0201453,-0.7355,-0.500175,-0.00340573,-0.734998,-0.49467,-0.0034035,-0.773194,-0.505505,-0.0202096,-0.776257,0.551378,-0.0191441,-0.454617,0.53526,-0.00290971,-0.492425,0.539837,-0.00291765,-0.454137,0.546528,-0.0191669,-0.495259,0.540193,-0.0197715,0.907012,0.528864,-0.00329278,0.905984,0.534325,-0.0197825,0.94774,0.52337,-0.00330456,0.944189,0.459241,-0.0198394,1.03801,0.484686,-0.00332981,1.0068,0.453825,-0.00334098,1.02745,0.492145,-0.019824,1.016,0.294091,-0.0199071,1.11631,0.290119,-0.003389,1.10507,0.257607,-0.0199252,1.12847,0.255501,-0.00339739,1.11663,-0.47172,-0.00340767,0.727063,-0.448701,-0.0199788,0.760114,-0.442518,-0.00340808,0.750096,-0.479719,-0.0199773,0.735631,-0.448701,-0.0199788,0.760114,0.14632,-0.0199831,1.10961,-0.442518,-0.00340808,0.750096,0.151321,-0.00340757,1.09888,0.181689,-0.0199665,1.12503,0.184869,-0.00340616,1.11348,-0.261524,-0.00329143,-0.934033,-0.228851,-0.0201548,-0.957228,-0.265324,-0.020183,-0.94504,-0.226957,-0.003274,-0.94559,-0.425196,-0.00337176,-0.856293,-0.430463,-0.0202891,-0.866596,-0.455998,-0.00338639,-0.835678,-0.463346,-0.0202943,-0.84456,0.507826,-0.0193215,-0.565413,0.476747,-0.0194059,-0.589906,0.499458,-0.0029146,-0.557103,0.470141,-0.00292791,-0.580115,-0.117522,-0.0199647,-0.93843,0.470141,-0.00292791,-0.580115,0.476747,-0.0194059,-0.589906,-0.122852,-0.00322079,-0.927991,-0.152916,-0.0200339,-0.95383,-0.156416,-0.00323737,-0.942525,-0.503495,-0.0199798,0.70332,-0.493638,-0.00340802,0.697301,0.531656,-0.0192293,-0.533092,0.521492,-0.00290866,-0.527318,0.517865,-0.0198005,0.985075,0.508277,-0.00331733,0.978435,0.484686,-0.00332981,1.0068,0.492145,-0.019824,1.016,0.219459,-0.0199464,1.13143,0.21996,-0.00340289,1.1194,-0.190701,-0.020102,-0.960211,-0.191473,-0.00325548,-0.948397,-0.489049,-0.020267,-0.813615,-0.455998,-0.00338639,-0.835678,-0.463346,-0.0202943,-0.84456,-0.479553,-0.00339705,-0.807381,-0.52315,-0.0199938,0.624861,-0.511178,-0.0372095,-0.735023,-0.523136,-0.0372095,0.624857,-0.511385,-0.0201453,-0.7355,-0.448698,-0.0372095,0.760117,0.14632,-0.0199831,1.10961,-0.448701,-0.0199788,0.760114,0.146395,-0.0372095,1.10966,0.540314,-0.0372095,0.907097,0.551892,-0.0372095,-0.454439,0.540193,-0.0197715,0.907012,0.551378,-0.0191441,-0.454617,-0.117522,-0.0199647,-0.93843,0.476747,-0.0194059,-0.589906,-0.117319,-0.0372095,-0.938031,0.477243,-0.0372095,-0.589723,0.459241,-0.0198394,1.03801,0.294165,-0.0372095,1.11636,0.459336,-0.0372095,1.03808,0.294091,-0.0199071,1.11631,-0.430259,-0.0372095,-0.866123,-0.265324,-0.020183,-0.94504,-0.265126,-0.0372095,-0.944597,-0.430463,-0.0202891,-0.866596,-0.479719,-0.0199773,0.735631,-0.479716,-0.0372095,0.735632,-0.503495,-0.0199798,0.70332,-0.50349,-0.0372095,0.703319,-0.518325,-0.0199828,0.665495,-0.518317,-0.0372095,0.665492,0.507826,-0.0193215,-0.565413,0.508334,-0.0372095,-0.56524,0.531656,-0.0192293,-0.533092,0.532174,-0.0372095,-0.532921,0.546528,-0.0191669,-0.495259,0.547048,-0.0372095,-0.495084,0.534325,-0.0197825,0.94774,0.534435,-0.0372095,0.947822,0.517865,-0.0198005,0.985075,0.517968,-0.0372095,0.985152,0.492145,-0.019824,1.016,0.492242,-0.0372095,1.01607,0.459241,-0.0198394,1.03801,0.459336,-0.0372095,1.03808,0.257607,-0.0199252,1.12847,0.257681,-0.0372095,1.12852,0.219533,-0.0372095,1.13147,0.219459,-0.0199464,1.13143,0.181763,-0.0372095,1.12507,0.181689,-0.0199665,1.12503,0.14632,-0.0199831,1.10961,0.146395,-0.0372095,1.10966,-0.152719,-0.0372095,-0.953417,-0.117522,-0.0199647,-0.93843,-0.117319,-0.0372095,-0.938031,-0.152916,-0.0200339,-0.95383,-0.190507,-0.0372095,-0.959785,-0.190701,-0.020102,-0.960211,-0.228655,-0.0372095,-0.956791,-0.228851,-0.0201548,-0.957228,-0.463138,-0.0372095,-0.844083,-0.430463,-0.0202891,-0.866596,-0.430259,-0.0372095,-0.866123,-0.463346,-0.0202943,-0.84456,-0.489049,-0.020267,-0.813615,-0.48884,-0.0372095,-0.813137,-0.505505,-0.0202096,-0.776257,-0.505295,-0.0372095,-0.775779,0.539837,-0.00291765,-0.454137,-0.500175,-0.00340573,-0.734998,-0.511862,-0.00340907,0.62422,0.528864,-0.00329278,0.905984,0.290119,-0.003389,1.10507,0.453825,-0.00334098,1.02745,-0.442518,-0.00340808,0.750096,0.470141,-0.00292791,-0.580115,0.53526,-0.00290971,-0.492425,-0.122852,-0.00322079,-0.927991,-0.261524,-0.00329143,-0.934033,-0.479553,-0.00339705,-0.807381,-0.425196,-0.00337176,-0.856293,-0.455998,-0.00338639,-0.835678,-0.49467,-0.0034035,-0.773194,-0.507315,-0.00340857,0.662456,-0.493638,-0.00340802,0.697301,-0.47172,-0.00340767,0.727063,0.151321,-0.00340757,1.09888,0.184869,-0.00340616,1.11348,0.255501,-0.00339739,1.11663,0.21996,-0.00340289,1.1194,0.508277,-0.00331733,0.978435,0.484686,-0.00332981,1.0068,0.52337,-0.00330456,0.944189,0.521492,-0.00290866,-0.527318,0.499458,-0.0029146,-0.557103,-0.156416,-0.00323737,-0.942525,-0.226957,-0.003274,-0.94559,-0.191473,-0.00325548,-0.948397]},"normal":{"type":"float32","components":3,