{"model":{"version":3,"nodes":[{"name":"RootNode","position":[0,0,0],"rotation":[0,0,0],"scale":[0.01,0.01,0.01],"scaleCompensation":false},{"name":"pPlane215","position":[17787.5,1738.58,167.593],"rotation":[0,0,0],"scale":[40753.6,871.855,3609.86],"scaleCompensation":false}],"parents":[-1,0],"skins":[],"morphs":[],"vertices":[{"position":{"type":"float32","components":3,"data":[-0.451052,0.435461,-0.491958,-0.451052,0.435461,-0.182631,-0.339541,0.435461,-0.182631,-0.339541,0.435461,-0.491958,-0.545417,0.435461,0.450702,-0.545417,0.435461,0.656842,-0.512214,0.435461,0.656842,-0.512214,0.435461,0.450702,-0.339541,0.435461,0.432108,-0.451667,0.435461,0.432108,-0.545417,0.435461,-0.175657,-0.511184,0.435461,-0.175657,-0.511184,0.435461,-0.491958,-0.511184,0.435461,-0.175657,-0.512214,0.435461,0.450702,-0.451667,0.435461,0.656842,-0.512214,0.435461,0.656842,-0.511184,-0.070588,-0.491958,-0.451052,0.435461,-0.491958,-0.451052,-0.070588,-0.491958,-0.511184,0.435461,-0.491958,-0.451667,-0.070588,0.656842,-0.451667,0.435461,0.656842,-0.512214,0.435461,0.656842,-0.512214,-0.070588,0.656842,-0.339541,-0.070588,-0.182631,-0.339541,-0.070588,-0.491958,-0.339541,0.435461,-0.182631,-0.339541,0.435461,-0.491958,-0.512214,-0.070588,0.656842,-0.512214,0.435461,0.656842,-0.545417,0.435461,0.656842,-0.545417,-0.070588,0.656842,-0.545417,-0.070588,-0.175657,-0.511184,0.435461,-0.175657,-0.511184,-0.070588,-0.175657,-0.545417,0.435461,-0.175657,-0.339541,-0.070588,-0.182631,-0.339541,0.435461,0.432108,-0.339541,-0.070588,0.432108,-0.339541,0.435461,-0.182631,-0.451052,-0.070588,-0.491958,-0.339541,0.435461,-0.491958,-0.339541,-0.070588,-0.491958,-0.451052,0.435461,-0.491958,-0.511184,-0.070588,-0.175657,-0.511184,0.435461,-0.175657,-0.511184,0.435461,-0.491958,-0.511184,-0.070588,-0.491958,-0.545417,-0.070588,0.656842,-0.545417,0.435461,0.656842,-0.545417,0.435461,0.450702,-0.545417,-0.070588,0.450702,-0.339541,-0.070588,0.432108,-0.339541,0.435461,0.432108,-0.451667,0.435461,0.432108,-0.451667,-0.070588,0.432108,-0.545417,-0.070588,0.450702,-0.545417,0.435461,0.450702,-0.545417,0.435461,-0.175657,-0.545417,-0.070588,-0.175657,-0.451667,0.435461,0.656842,-0.451667,-0.070588,0.656842,-0.451667,-0.070588,0.432108,-0.451667,0.435461,0.432108]},"normal":{"type":"float32","components":3,"data":[0,1,0,0,1,1.35736e-08,0,1,1.97346e-08,0,1,0,0,1,0,0,1,0,0,1,0,0,1,0,0,1,2.96375e-08,0,1,1.75618e-08,0,1,0,0,1,0,0,1,0,0,1,2.16986e-09,0,1,2.0565e-09,0,1,0,0,1,0,0,0,-1,0,0,-1,0,0,-1,0,0,-1,0,0,1,0,0,1,0,0,1,0,0,1,1,0,0,1,0,0,1,0,0,1,0,0,0,0,1,0,0,1,0,0,1,0,0,1,0,0,-1,0,0,-1,0,0,-1,0,0,-1,1,0,0,1,0,0,1,0,0,1,0,0,0,0,-1,0,0,-1,0,0,-1,0,0,-1,-1,0,0,-1,0,0,-1,0,0,-1,0,0,-1,0,0,-1,0,0,-1,0,0,-1,0,0,0,0,1,0,0,1,0,0,1,0,0,1,-1,0,0,-1,0,0,-1,0,0,-1,0,0,1,0,0,1,0,0,1,0,0,1,0,0]},"texCoord0":{"type":"float32","components":2,"data":[0.264248,0.00245187,0.264248,0.277897,0.363804,0.277897,0.363804,0.00245187,0.186535,0.807404,0.186535,0.997548,0.225851,0.997548,0.225851,0.807404,0.363804,0.807404,0.264248,0.807404,0.186535,0.277897,0.225851,0.277897,0.225851,0.00245187,0.225851,0.277897,0.225851,0.807404,0.264248,0.997548,0.225851,0.997548,1,1,0,0,0,1,1,0,1,1,1,0,0,0,0,1,0,1,1,1,0,0,1,0,1,1,1,0,0,0,0,1,1,1,0,0,0,1,1,0,1,1,0,0,0,1,1,0,1,1,0,0,0,1,1,0,1,1,1,0,0,0,0,1,1,1,1,0,0,0,0,1,1,1,1,0,0,0,0,1,1,1,1,0,0,0,0,1,0,0,0,1,1,1,1,0]}}],"meshes":[{"aabb":{"min":[-0.545417,-0.070588,-0.491958],"max":[-0.339541,0.435461,0.656842]},"vertices":0,"indices":[0,1,2,2,3,0,4,5,6,6,7,4,8,1,9,1,8,2,7,10,4,10,7,11,12,13,1,1,0,12,9,13,14,13,9,1,15,14,16,14,15,9,17,18,19,18,17,20,21,22,23,23,24,21,25,26,27,27,26,28,29,30,31,31,32,29,33,34,35,34,33,36,37,38,39,38,37,40,41,42,43,42,41,44,45,46,47,45,47,48,49,50,51,49,51,52,53,54,55,55,56,53,57,58,59,57,59,60,61,62,63,61,63,64],"type":"triangles","base":0,"count":114}],"meshInstances":[{"node":1,"mesh":0}]}}