{"model":{"version":3,"nodes":[{"name":"RootNode","position":[0,0,0],"rotation":[0,0,0],"scale":[0.01,0.01,0.01],"scaleCompensation":false},{"name":"pCube1","position":[2850.78,5.94859,419.539],"rotation":[0,0,0],"scale":[1198.53,10.4145,1198.53],"scaleCompensation":false}],"parents":[-1,0],"skins":[],"morphs":[],"vertices":[{"position":{"type":"float32","components":3,"data":[0.511765,0.510707,0.437554,-0.409669,0.510707,0.437554,0.511765,-0.510707,0.437554,-0.409669,-0.510707,0.437554,0.511765,-0.510707,-0.509932,-0.409669,-0.510707,-0.509932,0.511765,0.510707,-0.509932,-0.409669,0.510707,-0.509932,0.613896,-0.510707,0.335423,0.613896,-0.510707,-0.407801,0.613896,0.510707,0.335423,0.613896,0.510707,-0.407801,-0.5118,-0.510707,0.335423,-0.5118,0.510707,0.335423,-0.5118,0.510707,-0.407801,-0.5118,-0.510707,-0.407801,-0.506801,0.510707,0.366983,-0.506801,-0.510707,0.366983,-0.492295,0.510707,0.395454,-0.492295,-0.510707,0.395454,-0.4697,0.510707,0.418049,-0.4697,-0.510707,0.418049,-0.441229,0.510707,0.432555,-0.441229,-0.510707,0.432555,0.543325,0.510707,0.432555,0.543325,-0.510707,0.432555,0.571796,0.510707,0.418049,0.571796,-0.510707,0.418049,0.594391,0.510707,0.395454,0.594391,-0.510707,0.395454,0.608898,-0.510707,0.366983,0.608898,0.510707,0.366983,-0.506801,0.510707,-0.439361,-0.506801,-0.510707,-0.439361,-0.492295,0.510707,-0.467832,-0.492295,-0.510707,-0.467832,-0.4697,0.510707,-0.490427,-0.4697,-0.510707,-0.490427,-0.492295,0.510707,-0.467832,-0.492295,-0.510707,-0.467832,-0.441229,-0.510707,-0.504934,-0.441229,0.510707,-0.504934,0.543325,-0.510707,-0.504934,0.543325,0.510707,-0.504934,0.571796,-0.510707,-0.490427,0.571796,0.510707,-0.490427,0.594391,-0.510707,-0.467832,0.594391,0.510707,-0.467832,0.608898,-0.510707,-0.439361,0.594391,0.510707,-0.467832,0.608898,0.510707,-0.439361,0.594391,-0.510707,-0.467832,-0.495106,0.5,0.35853,-0.40001,0.5,0.427622,-0.5,0.5,0.327632,0.602096,0.5,-0.40001,0.533005,0.5,-0.495106,0.502106,0.5,-0.5,-0.40001,0.5,-0.5,-0.430908,0.5,0.422728,0.502106,0.5,0.427622,0.602096,0.5,0.327632,0.583,0.5,-0.458783,0.597202,0.5,-0.430909,0.560879,0.5,-0.480904,-0.495106,0.5,-0.430909,-0.5,0.5,-0.40001,-0.480903,0.5,-0.458783,-0.430908,0.5,-0.495106,-0.458782,0.5,-0.480904,-0.458782,0.5,0.408525,-0.480903,0.5,0.386404,0.533005,0.5,0.422728,0.583,0.5,0.386404,0.560879,0.5,0.408525,0.597202,0.5,0.35853,0.602096,-0.5,0.327632,0.502106,-0.5,-0.5,0.602096,-0.5,-0.40001,0.583,-0.5,0.386404,0.533005,-0.5,0.422728,-0.40001,-0.5,-0.5,0.502106,-0.5,0.427622,-0.40001,-0.5,0.427622,-0.5,-0.5,0.327632,-0.5,-0.5,-0.40001,0.597202,-0.5,0.35853,0.533005,-0.5,-0.495106,0.560879,-0.5,0.408525,-0.430908,-0.5,0.422728,-0.495106,-0.5,0.35853,-0.458782,-0.5,0.408525,-0.480903,-0.5,0.386404,-0.495106,-0.5,-0.430909,-0.480903,-0.5,-0.458783,-0.430908,-0.5,-0.495106,-0.458782,-0.5,-0.480904,0.583,-0.5,-0.458783,0.560879,-0.5,-0.480904,0.597202,-0.5,-0.430909,0.511765,-0.510707,0.437554,-0.409669,-0.510707,0.437554,-0.40001,-0.5,0.427622,0.502106,-0.5,0.427622,0.502106,0.5,0.427622,-0.40001,0.5,0.427622,-0.409669,0.510707,0.437554,0.511765,0.510707,0.437554,0.511765,0.510707,-0.509932,-0.409669,0.510707,-0.509932,-0.40001,0.5,-0.5,0.502106,0.5,-0.5,-0.409669,-0.510707,-0.509932,0.502106,-0.5,-0.5,-0.40001,-0.5,-0.5,0.511765,-0.510707,-0.509932,0.613896,-0.510707,-0.407801,0.613896,-0.510707,0.335423,0.602096,-0.5,0.327632,0.602096,-0.5,-0.40001,0.613896,0.510707,0.335423,0.602096,0.5,-0.40001,0.602096,0.5,0.327632,0.613896,0.510707,-0.407801,-0.5118,-0.510707,0.335423,-0.5,-0.5,-0.40001,-0.5,-0.5,0.327632,-0.5118,-0.510707,-0.407801,-0.5118,0.510707,-0.407801,-0.5118,0.510707,0.335423,-0.5,0.5,0.327632,-0.5,0.5,-0.40001,-0.495106,-0.5,0.35853,-0.506801,-0.510707,0.366983,-0.495106,0.5,0.35853,-0.506801,0.510707,0.366983,-0.480903,-0.5,0.386404,-0.492295,-0.510707,0.395454,-0.480903,0.5,0.386404,-0.492295,0.510707,0.395454,-0.458782,-0.5,0.408525,-0.4697,-0.510707,0.418049,-0.4697,0.510707,0.418049,-0.458782,0.5,0.408525,-0.441229,-0.510707,0.432555,-0.430908,-0.5,0.422728,-0.441229,0.510707,0.432555,-0.430908,0.5,0.422728,0.533005,-0.5,0.422728,0.543325,-0.510707,0.432555,0.543325,0.510707,0.432555,0.533005,0.5,0.422728,0.560879,-0.5,0.408525,0.571796,-0.510707,0.418049,0.571796,0.510707,0.418049,0.560879,0.5,0.408525,0.583,-0.5,0.386404,0.594391,-0.510707,0.395454,0.583,0.5,0.386404,0.594391,0.510707,0.395454,0.597202,-0.5,0.35853,0.608898,-0.510707,0.366983,0.608898,0.510707,0.366983,0.597202,0.5,0.35853,-0.495106,0.5,-0.430909,-0.506801,0.510707,-0.439361,-0.506801,-0.510707,-0.439361,-0.495106,-0.5,-0.430909,-0.480903,0.5,-0.458783,-0.492295,0.510707,-0.467832,-0.492295,-0.510707,-0.467832,-0.480903,-0.5,-0.458783,-0.4697,0.510707,-0.490427,-0.492295,0.510707,-0.467832,-0.480903,0.5,-0.458783,-0.458782,0.5,-0.480904,-0.4697,-0.510707,-0.490427,-0.480903,-0.5,-0.458783,-0.492295,-0.510707,-0.467832,-0.458782,-0.5,-0.480904,-0.441229,0.510707,-0.504934,-0.430908,0.5,-0.495106,-0.441229,-0.510707,-0.504934,-0.430908,-0.5,-0.495106,0.533005,0.5,-0.495106,0.543325,0.510707,-0.504934,0.533005,-0.5,-0.495106,0.543325,-0.510707,-0.504934,0.560879,0.5,-0.480904,0.571796,0.510707,-0.490427,0.560879,-0.5,-0.480904,0.571796,-0.510707,-0.490427,0.583,0.5,-0.458783,0.594391,0.510707,-0.467832,0.594391,-0.510707,-0.467832,0.583,-0.5,-0.458783,0.608898,0.510707,-0.439361,0.594391,0.510707,-0.467832,0.583,0.5,-0.458783,0.597202,0.5,-0.430909,0.608898,-0.510707,-0.439361,0.583,-0.5,-0.458783,0.594391,-0.510707,-0.467832,0.597202,-0.5,-0.430909]},"normal":{"type":"float32","components":3,