{"model":{"version":3,"nodes":[{"name":"RootNode","position":[0,0,0],"rotation":[0,0,0],"scale":[0.01,0.01,0.01],"scaleCompensation":false},{"name":"pCube39","position":[1.44329e-13,5.77316e-13,5.77316e-13],"rotation":[0,-0,0],"scale":[1,1,1],"scaleCompensation":false},{"name":"pCube40","position":[-2.27596e-13,-1.15463e-12,4.66294e-13],"rotation":[0,-0,0],"scale":[1,1,1],"scaleCompensation":false}],"parents":[-1,0,0],"skins":[],"morphs":[],"vertices":[{"position":{"type":"float32","components":3,"data":[122.269,442.337,-113.805,-186.639,9.92487,-113.403,122.672,9.92487,-113.403,-186.237,442.337,-113.805,122.269,442.337,-113.805,-186.237,442.337,-150.801,-186.237,442.337,-113.805,122.269,442.337,-150.801,-186.639,9.92487,-151.203,122.269,442.337,-150.801,122.672,9.92487,-151.203,-186.237,442.337,-150.801,122.672,9.92487,-113.403,122.269,442.337,-150.801,122.269,442.337,-113.805,122.672,9.92487,-151.203,-186.639,9.92487,-113.403,-186.237,442.337,-113.805,-186.237,442.337,-150.801,-186.639,9.92487,-151.203]},"normal":{"type":"float32","components":3,"data":[0,0.000930339,1,0,0.000930339,1,0,0.000930339,1,0,0.000930339,1,0,1,-1.33645e-06,0,1,-1.33645e-06,0,1,-1.33645e-06,0,1,-1.33645e-06,0,0.000930356,-1,0,0.000930357,-1,0,0.000930356,-1,0,0.000930357,-1,1,0.000930358,0,1,0.000930357,0,1,0.000930357,0,1,0.000930358,0,-1,0.000930176,-1.42798e-06,-1,0.000930176,-1.42798e-06,-1,0.000930176,-1.42798e-06,-1,0.000930176,-1.42798e-06]},"texCoord0":{"type":"float32","components":2,"data":[0.628721,0.254092,0.376138,-1.97906e-09,0.622723,-6.51926e-09,0.37128,0.254092,0.628721,0.254092,0.376137,0.494215,0.37128,0.254092,0.624006,0.493784,0.377277,0.75,0.624006,0.493784,0.748862,0.375,0.376137,0.494215,0.633818,3.72529e-09,0.867763,0.24943,0.628721,0.254092,0.857365,7.45058e-09,0.357365,7.45058e-09,0.37128,0.254092,0.132452,0.250076,0.258818,0.375]}},{"position":{"type":"float32","components":3,"data":[87.8323,335.881,-109.304,-155.24,335.881,-109.304,-155.24,199.246,-109.304,87.8323,199.246,-109.304,87.8323,199.246,-109.304,-155.24,199.246,-109.304,-158.902,195.584,-109.304,91.494,195.584,-109.304,91.494,195.584,-109.304,91.494,339.543,-109.304,87.8323,335.881,-109.304,87.8323,199.246,-109.304,-158.902,339.543,-109.304,-155.24,199.246,-109.304,-155.24,335.881,-109.304,-158.902,195.584,-109.304,91.494,339.543,-109.304,-158.902,339.543,-109.304,-155.24,335.881,-109.304,87.8323,335.881,-109.304,91.494,195.584,-109.304,-158.902,195.584,-109.304,-158.902,195.584,-112.408,91.494,195.584,-112.408,91.494,339.543,-109.304,91.494,195.584,-109.304,91.494,195.584,-112.408,91.494,339.543,-112.408,-158.902,339.543,-112.408,-158.902,195.584,-109.304,-158.902,339.543,-109.304,-158.902,195.584,-112.408,-158.902,339.543,-109.304,91.494,339.543,-109.304,91.494,339.543,-112.408,-158.902,339.543,-112.408]},"normal":{"type":"float32","components":3,"data":[2.46123e-08,0,1,-2.46123e-08,0,1,-2.46123e-08,0,1,2.46123e-08,0,1,2.46123e-08,0,1,-2.46123e-08,0,1,-4.0915e-07,0,1,4.0915e-07,0,1,4.0915e-07,0,1,4.09151e-07,0,1,2.46123e-08,0,1,2.46123e-08,0,1,-4.09151e-07,0,1,-2.46123e-08,0,1,-2.46123e-08,0,1,-4.0915e-07,0,1,4.09151e-07,0,1,-4.09151e-07,0,1,-2.46123e-08,0,1,2.46123e-08,0,1,0,-1,0,0,-1,0,0,-1,0,0,-1,0,1,0,0,1,0,0,1,0,0,1,0,0,-1,0,0,-1,0,0,-1,0,0,-1,0,0,0,1,0,0,1,0,0,1,0,0,1,0]},"texCoord0":{"type":"float32","components":2,"data":[0.375,0.25,0.375,0.25,0.375,0.25,0.375,0.25,0,0,1,0,1,1,0,1,1,1,0,1,0,0,1,0,1,1,0,0,1,0,0,1,1,1,0,1,0,0,1,0,0,0,1,0,1,1,0,1,0,0,1,0,1,1,0,1,1,1,0,0,1,0,0,1,0,0,1,0,1,1,0,1]}}],"meshes":[{"aabb":{"min":[-186.639,9.92487,-151.203],"max":[122.672,442.337,-113.403]},"vertices":0,"indices":[0,1,2,1,0,3,4,5,6,5,4,7,8,9,10,9,8,11,12,13,14,13,12,15,16,17,18,16,18,19],"type":"triangles","base":0,"count":30},{"aabb":{"min":[-158.902,195.584,-112.408],"max":[91.494,339.543,-109.304]},"vertices":1,"indices":[0,1,2,0,2,3,4,5,6,4,6,7,8,9,10,8,10,11,12,13,14,12,15,13,16,17,18,16,18,19,20,21,22,20,22,23,24,25,26,24,26,27,28,29,30,29,28,31,32,33,34,32,34,35],"type":"triangles","base":0,"count":54}],"meshInstances":[{"node":1,"mesh":0},{"node":2,"mesh":1}]}}