{"model":{"version":3,"nodes":[{"name":"RootNode","position":[0,0,0],"rotation":[0,0,0],"scale":[0.01,0.01,0.01],"scaleCompensation":false},{"name":"pPlane210","position":[8.43769e-12,-8.17124e-12,-7.63833e-12],"rotation":[0,0,0],"scale":[1,1,1],"scaleCompensation":false}],"parents":[-1,0],"skins":[],"morphs":[],"vertices":[{"position":{"type":"float32","components":3,"data":[2250.99,1699.65,1029.52,2250.99,1699.65,455.867,2287.23,1699.65,1029.52,2287.23,1699.65,455.867,494.568,1699.65,1029.52,494.568,1699.65,455.867,530.8,1699.65,1029.52,530.8,1699.65,455.867,3156.2,1699.65,1013.49,3156.2,1699.65,439.84,3192.43,1699.65,1013.49,3192.43,1699.65,439.84,1372.78,1699.65,1013.49,1372.78,1699.65,439.84,1409.01,1699.65,1013.49,1409.01,1699.65,439.84,-452.015,1699.65,439.84,-415.784,1699.65,1013.49,-452.015,1699.65,1013.49,-415.784,1699.65,439.84,2690.1,1699.65,-0.369781,2690.1,1699.65,-574.019,2726.33,1699.65,-0.369781,2726.33,1699.65,-574.019,1811.89,1699.65,-0.369781,1811.89,1699.65,-574.019,1848.12,1699.65,-0.369781,1848.12,1699.65,-574.019,23.0758,1699.65,-574.019,59.3073,1699.65,-0.369781,23.0758,1699.65,-0.369781,59.3073,1699.65,-574.019,933.675,1699.65,-0.369781,933.675,1699.65,-574.019,969.906,1699.65,-0.369781,969.906,1699.65,-574.019,3156.2,1699.65,-844.222,3156.2,1699.65,-1417.87,3192.43,1699.65,-844.222,3192.43,1699.65,-1417.87,2250.99,1699.65,-1417.87,2287.23,1699.65,-844.222,2250.99,1699.65,-844.222,2287.23,1699.65,-1417.87,-452.015,1699.65,-844.222,-452.015,1699.65,-1417.87,-415.784,1699.65,-844.222,-415.784,1699.65,-1417.87,1372.78,1699.65,-1417.87,1409.01,1699.65,-844.222,1372.78,1699.65,-844.222,1409.01,1699.65,-1417.87,494.568,1699.65,-844.222,494.568,1699.65,-1417.87,530.8,1699.65,-844.222,530.8,1699.65,-1417.87,-1402.2,1699.65,-1417.87,-1365.97,1699.65,-844.222,-1402.2,1699.65,-844.222,-1365.97,1699.65,-1417.87,-1877.29,1699.65,-0.369781,-1877.29,1699.65,-574.019,-1841.06,1699.65,-0.369781,-1841.06,1699.65,-574.019,-927.106,1699.65,-574.019,-890.874,1699.65,-0.369781,-927.106,1699.65,-0.369781,-890.874,1699.65,-574.019,-1760.57,1699.65,1066.79,-1760.57,1699.65,493.137,-1724.33,1699.65,1066.79,-1724.33,1699.65,493.137,-2711.02,1699.65,1066.79,-2711.02,1699.65,493.137,-2674.78,1699.65,1066.79,-2674.78,1699.65,493.137,-2236.34,1699.65,2283.8,-2236.34,1699.65,1710.15,-2200.11,1699.65,2283.8,-2200.11,1699.65,1710.15,-1283.91,1699.65,2283.8,-1283.91,1699.65,1710.15,-1247.68,1699.65,2283.8,-1247.68,1699.65,1710.15,-3190.22,1699.65,2283.8,-3190.22,1699.65,1710.15,-3153.99,1699.65,2283.8,-3153.99,1699.65,1710.15,-3662.37,1699.65,1066.79,-3662.37,1699.65,493.137,-3626.14,1699.65,1066.79,-3626.14,1699.65,493.137,-4125.49,1699.65,2283.8,-4125.49,1699.65,1710.15,-4089.26,1699.65,2283.8,-4089.26,1699.65,1710.15]},"normal":{"type":"float32","components":3,"data":[0,-1,0,0,-1,0,0,-1,0,0,-1,0,0,-1,0,0,-1,0,0,-1,0,0,-1,0,0,-1,0,0,-1,0,0,-1,0,0,-1,0,0,-1,0,0,-1,0,0,-1,0,0,-1,0,0,-1,0,0,-1,0,0,-1,0,0,-1,0,0,-1,0,0,-1,0,0,-1,0,0,-1,0,0,-1,0,0,-1,0,0,-1,0,0,-1,0,0,-1,0,0,-1,0,0,-1,0,0,-1,0,0,-1,0,0,-1,0,0,-1,0,0,-1,0,0,-1,0,0,-1,0,0,-1,0,0,-1,0,0,-1,0,0,-1,0,0,-1,0,0,-1,0,0,-1,0,0,-1,0,0,-1,0,0,-1,0,0,-1,0,0,-1,0,0,-1,0,0,-1,0,0,-1,0,0,-1,0,0,-1,0,0,-1,0,0,-1,0,0,-1,0,0,-1,0,0,-1,0,0,-1,0,0,-1,0,0,-1,0,0,-1,0,0,-1,0,0,-1,0,0,-1,0,0,-1,0,0,-1,0,0,-1,0,0,-1,0,0,-1,0,0,-1,0,0,-1,0,0,-1,0,0,-1,0,0,-1,0,0,-1,0,0,-1,0,0,-1,0,0,-1,0,0,-1,0,0,-1,0,0,-1,0,0,-1,0,0,-1,0,0,-1,0,0,-1,0,0,-1,0,0,-1,0,0,-1,0,0,-1,0,0,-1,0,0,-1,0,0,-1,0,0,-1,0]},"texCoord0":{"type":"float32","components":2,"data":[1,0,1,1,0,0,0,1,1,0,1,1,0,0,0,1,1,0,1,1,0,0,0,1,1,0,1,1,0,0,0,1,1,1,0,0,1,0,0,1,1,0,1,1,0,0,0,1,1,0,1,1,0,0,0,1,1,1,0,0,1,0,0,1,1,0,1,1,0,0,0,1,1,0,1,1,0,0,0,1,1,1,0,0,1,0,0,1,1,0,1,1,0,0,0,1,1,1,0,0,1,0,0,1,1,0,1,1,0,0,0,1,1,1,0,0,1,0,0,1,1,0,1,1,0,0,0,1,1,1,0,0,1,0,0,1,1,0,1,1,0,0,0,1,1,0,1,1,0,0,0,1,1,0,1,1,0,0,0,1,1,0,1,1,0,0,0,1,1,0,1,1,0,0,0,1,1,0,1,1,0,0,0,1,1,0,1,1,0,0,0,1]}}],"meshes":[{"aabb":{"min":[-4125.49,1699.65,-1417.87],"max":[3192.43,1699.65,2283.8]},"vertices":0,"indices":[0,1,2,2,1,3,4,5,6,6,5,7,8,9,10,10,9,11,12,13,14,14,13,15,16,17,18,17,16,19,20,21,22,22,21,23,24,25,26,26,25,27,28,29,30,29,28,31,32,33,34,34,33,35,36,37,38,38,37,39,40,41,42,41,40,43,44,45,46,46,45,47,48,49,50,49,48,51,52,53,54,54,53,55,56,57,58,57,56,59,60,61,62,62,61,63,64,65,66,65,64,67,68,69,70,70,69,71,72,73,74,74,73,75,76,77,78,78,77,79,80,81,82,82,81,83,84,85,86,86,85,87,88,89,90,90,89,91,92,93,94,94,93,95],"type":"triangles","base":0,"count":144}],"meshInstances":[{"node":1,"mesh":0}]}}