{"model":{"version":3,"nodes":[{"name":"RootNode","position":[0,0,0],"rotation":[0,0,0],"scale":[0.01,0.01,0.01],"scaleCompensation":false},{"name":"pCube505","position":[20.6408,103.25,6.74129],"rotation":[-90,-0,0],"scale":[35.1713,12.6953,35.1713],"scaleCompensation":false}],"parents":[-1,0],"skins":[],"morphs":[],"vertices":[{"position":{"type":"float32","components":3,"data":[0.500031,0.500183,1.00741,-1.72577,0.500183,1.00741,-1.72577,0.356079,1.00741,0.500031,0.356079,1.00741,0.487122,0.493103,-0.487129,-1.71298,0.493103,0.994536,0.487122,0.493103,0.994536,-1.71298,0.493103,-0.487129,0.500031,0.500183,-0.753147,0.500031,0.500183,1.00741,0.500031,0.356079,1.00741,0.500031,0.356079,-0.753147,-1.72577,0.500183,1.00741,-1.72577,0.356079,-0.753147,-1.72577,0.356079,1.00741,-1.72577,0.500183,-0.753147,-1.72577,0.500183,1.00741,0.500031,0.500183,1.00741,0.487122,0.500183,0.994536,-1.71298,0.500183,0.994536,0.500031,0.500183,1.00741,0.500031,0.500183,-0.753147,0.487122,0.500183,-0.487129,0.487122,0.500183,0.994536,0.487122,0.500183,-0.487129,-1.72577,0.500183,-0.753147,-1.71298,0.500183,-0.487129,0.500031,0.500183,-0.753147,-1.72577,0.500183,-0.753147,-1.72577,0.500183,1.00741,-1.71298,0.500183,-0.487129,-1.71298,0.500183,0.994536,0.487122,0.493103,0.994536,-1.71298,0.493103,0.994536,-1.71298,0.500183,0.994536,0.487122,0.500183,0.994536,0.487122,0.493103,-0.487129,0.487122,0.493103,0.994536,0.487122,0.500183,0.994536,0.487122,0.500183,-0.487129,0.487122,0.500183,-0.487129,-1.71298,0.500183,-0.487129,-1.71298,0.493103,-0.487129,0.487122,0.493103,-0.487129,-1.71298,0.493103,0.994536,-1.71298,0.500183,-0.487129,-1.71298,0.500183,0.994536,-1.71298,0.493103,-0.487129,-1.72577,0.500183,-0.753147,0.500031,0.500183,-0.753147,-0.462463,0.500183,-0.753147,-0.763306,0.500183,-0.753147,-0.462463,0.356079,-0.753147,0.500031,0.500183,-0.753147,0.500031,0.356079,-0.753147,0.500031,0.356079,-0.753147,-1.72577,0.356079,-0.753147,-0.763306,0.356079,-0.753147,-0.462463,0.356079,-0.753147,-1.72577,0.500183,-0.753147,-1.72577,0.356079,-0.753147,-0.763306,0.356079,-0.753147,-0.462463,0.500183,-0.753147,-0.462463,0.500183,-2.89269,-0.763306,0.500183,-0.753147,-0.763306,0.500183,-2.89269,-0.462463,0.356079,-0.753147,-0.462463,0.356079,-2.89269,-0.462463,0.500183,-0.753147,-0.462463,0.500183,-2.89269,-0.763306,0.356079,-2.89269,-0.462463,0.356079,-0.753147,-0.763306,0.356079,-0.753147,-0.462463,0.356079,-2.89269,-0.763306,0.500183,-0.753147,-0.763306,0.500183,-2.89269,-0.763306,0.356079,-0.753147,-0.763306,0.356079,-2.89269,-1.19764,1.00574,-2.89269,-0.462463,0.500183,-2.89269,-0.0281031,1.00574,-2.89269,-0.763306,0.500183,-2.89269,-0.0281031,-0.149414,-2.89269,-0.462463,0.356079,-2.89269,-0.763306,0.356079,-2.89269,-1.19764,-0.149414,-2.89269,-0.462463,0.356079,-2.89269,-1.19764,-0.149414,-2.89269,-0.763306,0.356079,-2.89269,-1.19764,1.00574,-2.89269,-0.0281031,1.00574,-2.89269,-0.0281031,1.00574,-2.94999,-1.19764,1.00574,-2.94999,-0.0281031,-0.149414,-2.94999,-0.0281031,1.00574,-2.89269,-0.0281031,-0.149414,-2.89269,-0.0281031,1.00574,-2.94999,-0.0281031,-0.149414,-2.89269,-1.19764,-0.149414,-2.89269,-1.19764,-0.149414,-2.94999,-0.0281031,-0.149414,-2.94999,-1.19764,1.00574,-2.94999,-1.19764,-0.149414,-2.89269,-1.19764,1.00574,-2.89269,-1.19764,-0.149414,-2.94999,-1.72577,0.356079,1.00741,-1.72577,0.356079,-0.753147,0.500031,0.356079,1.00741,0.500031,0.356079,-0.753147]},"normal":{"type":"float32","components":3,"data":[0,0,1,0,0,1,0,0,1,0,0,1,0,1,0,0,1,0,0,1,0,0,1,0,1,0,0,1,0,0,1,0,0,1,0,0,-1,0,0,-1,0,0,-1,0,0,-1,0,0,0,1,-1.50411e-06,0,1,-1.50411e-06,0,1,-1.50411e-06,0,1,-1.50411e-06,0,1,0,0,1,0,0,1,0,0,1,0,0,1,3.48049e-08,0,1,3.48049e-08,0,1,3.48049e-08,0,1,3.48049e-08,0,1,0,0,1,0,0,1,0,0,1,0,0,0,-1,0,0,-1,0,0,-1,0,0,-1,-1,0,0,-1,0,0,-1,0,0,-1,0,0,0,0,1,0,0,1,0,0,1,0,0,1,1,0,0,1,0,0,1,0,0,1,0,0,0,0,-4.47035e-26,0,0,-4.47035e-26,0,0,-1,0,0,-1,0,0,-1,0,0,-1,0,0,-1,0,0,0,0,0,0,0,0,0,0,0,0,0,0,-1,0,0,-1,0,0,-1,0,1,0,0,1,0,0,1,0,0,1,0,1,0,0,1,0,0,1,0,0,1,0,0,0,-1,0,0,-1,0,0,-1,0,0,-1,0,-1,0,0,-1,0,0,-1,0,0,-1,0,0,0,0,1,0,0,1,0,0,1,0,0,1,0,0,1,0,0,1,0,0,1,0,0,1,0,0,1,0,0,1,0,0,1,0,1,0,0,1,0,0,1,0,0,1,0,1,0,0,1,0,0,1,0,0,1,0,0,0,-1,0,0,-1,0,0,-1,0,0,-1,0,-1,0,0,-1,0,0,-1,0,0,-1,0,0,0,-1,0,0,-1,0,0,-1,0,0,-1,0]},"texCoord0":{"type":"float32","components":2,"data":[0.0119184,0.00199214,0.0119184,0.0602717,0.00814519,0.0602717,0.00814519,0.00199214,0.757213,0.80679,0.978257,0.955653,0.757213,0.955653,0.978257,0.80679,0.250309,0.00199214,0.250309,0.0480898,0.246536,0.0480898,0.246536,0.00199214,0.261228,0.00199214,0.257455,0.0480901,0.257455,0.00199214,0.261228,0.0480901,0.0190639,0.0602716,0.0190639,0.00199203,0.019401,0.00233003,0.019401,0.0599367,0.0190639,0.00199203,0.0651615,0.00199203,0.0581964,0.00233003,0.019401,0.00233003,0.0581964,0.00233003,0.0651615,0.0602716,0.0581964,0.0599367,0.0651615,0.00199203,0.0651615,0.0602716,0.0190639,0.0602716,0.0581964,0.0599367,0.019401,0.0599367,0.18121,0.00199247,0.18121,0.0595995,0.181024,0.0595995,0.181024,0.00199247,0.268374,0.0407876,0.268374,0.00199214,0.26856,0.00199214,0.26856,0.0407876,0.188489,0.00199214,0.188489,0.059599,0.188304,0.059599,0.188304,0.00199214,0.275653,0.0407876,0.275839,0.00199214,0.275839,0.0407876,0.275653,0.00199214,0.0718376,0.0602721,0.0718376,0.00199247,0.0718376,0.027194,0.0718376,0.0350714,0.0756112,0.027194,0.0718376,0.00199247,0.0756112,0.00199247,0.000683963,0.00199214,0.000683963,0.998008,0.000683963,0.998008,0.000683963,0.00199214,0.0718376,0.0602721,0.0756112,0.0602721,0.0756112,0.0350714,0.20346,0.00199203,0.20346,0.0580133,0.195583,0.00199203,0.195583,0.0580133,0.210141,0.0580135,0.210141,0.00199214,0.213915,0.0580135,0.213915,0.00199214,0.22106,0.00199203,0.228937,0.0580131,0.22106,0.0580131,0.228937,0.00199203,0.239391,0.00199214,0.239391,0.0580132,0.235618,0.00199214,0.235618,0.0580132,0.313178,0.0326148,0.299941,0.0133653,0.313178,0.00199214,0.299941,0.0212425,0.282932,0.00199214,0.296168,0.0133653,0.296168,0.0212425,0.282932,0.0326148,0.296168,0.0133653,0.282932,0.0326148,0.296168,0.0212425,0.319328,0.0326146,0.319328,0.00199203,0.320828,0.00199203,0.320828,0.0326146,0.335386,0.00199214,0.333886,0.0322383,0.333886,0.00199214,0.335386,0.0322383,0.328107,0.00199203,0.328107,0.0326148,0.326607,0.0326148,0.326607,0.00199203,0.341165,0.0322383,0.342665,0.00199214,0.342665,0.0322383,0.341165,0.00199214,0.128854,0.0602716,0.0827563,0.0602716,0.128854,0.00199203,0.0827563,0.00199203]}}],"meshes":[{"aabb":{"min":[-1.72577,-0.149414,-2.94999],"max":[0.500031,1.00574,1.00741]},"vertices":0,"indices":[0,1,2,0,2,3,8,9,10,10,11,8,12,13,14,13,12,15,16,17,18,16,18,19,20,21,22,20,22,23,24,25,26,25,24,27,28,29,30,30,29,31,32,33,34,32,34,35,36,37,38,38,39,36,40,41,42,40,42,43,44,45,46,45,44,47,48,49,50,50,51,48,52,53,54,53,52,50,55,56,57,57,58,55,59,51,60,61,60,51,62,63,64,64,63,65,66,67,68,68,67,69,70,71,72,71,70,73,74,75,76,76,75,77,78,79,80,79,78,81,82,80,79,82,79,83,84,85,86,86,85,82,81,87,88,87,81,78,89,90,91,89,91,92,93,94,95,94,93,96,97,98,99,97,99,100,101,102,103,102,101,104,105,106,107,107,106,108],"type":"triangles","base":0,"count":168},{"aabb":{"min":[-1.72577,-0.149414,-2.94999],"max":[0.500031,1.00574,1.00741]},"vertices":0,"indices":[4,5,6,5,4,7],"type":"triangles","base":0,"count":6}],"meshInstances":[{"node":1,"mesh":0},{"node":1,"mesh":1}]}}