{"model":{"version":3,"nodes":[{"name":"RootNode","position":[0,0,0],"rotation":[0,0,0],"scale":[0.01,0.01,0.01],"scaleCompensation":false},{"name":"pPlane176","position":[17787.5,1723.65,167.593],"rotation":[0,0,0],"scale":[40753.6,871.855,3609.86],"scaleCompensation":false}],"parents":[-1,0],"skins":[],"morphs":[],"vertices":[{"position":{"type":"float32","components":3,"data":[-0.455233,-7.15256e-07,-0.182631,-0.455233,-7.15256e-07,-0.5,-0.339152,-7.15256e-07,-0.182631,-0.339152,-7.15256e-07,-0.5,-0.546666,-7.15256e-07,0.666504,-0.546666,-7.15256e-07,0.441966,-0.500455,-7.15256e-07,0.666504,-0.500455,-7.15256e-07,0.441966,-0.339152,-7.15256e-07,0.446232,-0.455233,-7.15256e-07,0.446232,-0.500455,-7.15256e-07,-0.182631,-0.546666,-7.15256e-07,-0.182631,-0.500455,-7.15256e-07,-0.5,-0.500455,-7.15256e-07,0.441966,-0.455233,-7.15256e-07,0.666504,-0.500455,-0.0705879,-0.5,-0.455233,-7.15256e-07,-0.5,-0.500455,-7.15256e-07,-0.5,-0.455233,-0.0705879,-0.5,-0.455233,-0.0705879,0.666504,-0.500455,-0.0705879,0.666504,-0.500455,-7.15256e-07,0.666504,-0.455233,-7.15256e-07,0.666504,-0.339152,-0.0705879,-0.5,-0.339152,-0.0705879,-0.182631,-0.339152,-7.15256e-07,-0.182631,-0.339152,-7.15256e-07,-0.5,-0.500455,-0.0705879,0.666504,-0.546666,-0.0705879,0.666504,-0.546666,-7.15256e-07,0.666504,-0.500455,-7.15256e-07,0.666504,-0.546666,-7.15256e-07,-0.182631,-0.546666,-0.0705879,-0.182631,-0.500455,-7.15256e-07,-0.182631,-0.500455,-0.0705879,-0.182631,-0.339152,-0.0705879,-0.182631,-0.339152,-0.0705879,0.446232,-0.339152,-7.15256e-07,0.446232,-0.339152,-7.15256e-07,-0.182631,-0.455233,-7.15256e-07,-0.5,-0.455233,-0.0705879,-0.5,-0.339152,-7.15256e-07,-0.5,-0.339152,-0.0705879,-0.5,-0.500455,-0.0705879,-0.182631,-0.500455,-7.15256e-07,-0.5,-0.500455,-7.15256e-07,-0.182631,-0.500455,-0.0705879,-0.5,-0.546666,-0.0705879,0.666504,-0.546666,-7.15256e-07,0.441966,-0.546666,-7.15256e-07,0.666504,-0.546666,-0.0705879,0.441966,-0.339152,-0.0705879,0.446232,-0.455233,-0.0705879,0.446232,-0.455233,-7.15256e-07,0.446232,-0.339152,-7.15256e-07,0.446232,-0.546666,-0.0705879,0.441966,-0.546666,-7.15256e-07,-0.182631,-0.546666,-7.15256e-07,0.441966,-0.546666,-0.0705879,-0.182631,-0.455233,-0.0705879,0.446232,-0.455233,-0.0705879,0.666504,-0.455233,-7.15256e-07,0.666504,-0.455233,-7.15256e-07,0.446232]},"normal":{"type":"float32","components":3,"data":[0,-1,0,0,-1,0,0,-1,0,0,-1,0,0,-1,0,0,-1,0,0,-1,0,0,-1,0,0,-1,0,0,-1,0,0,-1,0,0,-1,0,0,-1,0,0,-1,0,0,-1,0,0,0,1,0,0,1,0,0,1,0,0,1,0,0,-1,0,0,-1,0,0,-1,0,0,-1,-1,0,0,-1,0,0,-1,0,0,-1,0,0,0,0,-1,0,0,-1,0,0,-1,0,0,-1,0,0,1,0,0,1,0,0,1,0,0,1,-1,0,0,-1,0,0,-1,0,0,-1,0,0,0,0,1,0,0,1,0,0,1,0,0,1,1,0,0,1,0,0,1,0,0,1,0,0,1,0,0,1,0,0,1,0,0,1,0,0,0,0,-1,0,0,-1,0,0,-1,0,0,-1,1,0,0,1,0,0,1,0,0,1,0,0,-1,0,0,-1,0,0,-1,0,0,-1,0,0]},"texCoord0":{"type":"float32","components":2,"data":[0.264248,0.277897,0.264248,0.00245187,0.363804,0.277897,0.363804,0.00245187,0.186535,0.997548,0.186535,0.807404,0.225851,0.997548,0.225851,0.807404,0.363804,0.807404,0.264248,0.807404,0.225851,0.277897,0.186535,0.277897,0.225851,0.00245187,0.225851,0.807404,0.264248,0.997548,1,1,0,0,1,0,0,1,1,1,0,1,0,0,1,0,1,1,0,1,0,0,1,0,1,1,0,1,0,0,1,0,1,0,1,1,0,0,0,1,1,1,0,1,0,0,1,0,1,0,1,1,0,0,0,1,1,1,0,0,1,0,0,1,1,1,0,0,1,0,0,1,1,1,0,1,0,0,1,0,1,1,0,0,1,0,0,1,1,1,0,1,0,0,1,0]}}],"meshes":[{"aabb":{"min":[-0.546666,-0.0705879,-0.5],"max":[-0.339152,-7.15256e-07,0.666504]},"vertices":0,"indices":[0,1,2,2,1,3,4,5,6,6,5,7,2,8,9,9,0,2,10,7,5,5,11,10,10,12,0,0,12,1,0,9,13,13,10,0,9,14,6,6,13,9,15,16,17,16,15,18,19,20,21,19,21,22,23,24,25,25,26,23,27,28,29,27,29,30,31,32,33,33,32,34,35,36,37,37,38,35,39,40,41,41,40,42,43,44,45,44,43,46,47,48,49,48,47,50,51,52,53,51,53,54,55,56,57,56,55,58,59,60,61,61,62,59],"type":"triangles","base":0,"count":114}],"meshInstances":[{"node":1,"mesh":0}]}}