{"model":{"version":3,"nodes":[{"name":"RootNode","position":[0,0,0],"rotation":[0,0,0],"scale":[0.01,0.01,0.01],"scaleCompensation":false},{"name":"pCube508","position":[-192.884,252.706,306.52],"rotation":[-90,-1.40334e-14,0],"scale":[391.597,141.35,391.597],"scaleCompensation":false}],"parents":[-1,0],"skins":[],"morphs":[],"vertices":[{"position":{"type":"float32","components":3,"data":[1.18382,0.500015,1.00741,-0.499996,0.500015,1.00741,-0.499996,-0.080371,1.00741,1.18382,-0.080371,1.00741,1.17095,0.42795,0.994536,1.17095,0.42795,-0.487129,-0.487125,0.42795,0.994536,-0.487125,0.42795,-0.487129,1.18382,-0.080371,-0.646999,-0.499996,-0.080371,-0.646999,-0.499996,0.500015,-0.646999,1.18382,0.500015,-0.646999,1.18382,0.500015,-0.646999,1.18382,0.500015,1.00741,1.18382,-0.080371,1.00741,1.18382,-0.080371,-0.646999,-0.499996,0.500015,1.00741,-0.499996,-0.080371,-0.646999,-0.499996,-0.080371,1.00741,-0.499996,0.500015,-0.646999,-0.499996,0.500015,1.00741,1.18382,0.500015,1.00741,1.17095,0.500015,0.994536,-0.487125,0.500015,0.994536,1.18382,0.500015,1.00741,1.18382,0.500015,-0.646999,1.17095,0.500015,-0.487129,1.17095,0.500015,0.994536,-0.487125,0.500015,-0.487129,1.17095,0.500015,-0.487129,1.18382,0.500015,-0.646999,-0.499996,0.500015,-0.646999,-0.499996,0.500015,-0.646999,-0.499996,0.500015,1.00741,-0.487125,0.500015,-0.487129,-0.487125,0.500015,0.994536,1.17095,0.42795,0.994536,-0.487125,0.42795,0.994536,-0.487125,0.500015,0.994536,1.17095,0.500015,0.994536,1.17095,0.42795,-0.487129,1.17095,0.42795,0.994536,1.17095,0.500015,0.994536,1.17095,0.500015,-0.487129,1.17095,0.500015,-0.487129,-0.487125,0.500015,-0.487129,-0.487125,0.42795,-0.487129,1.17095,0.42795,-0.487129,-0.487125,0.42795,0.994536,-0.487125,0.500015,-0.487129,-0.487125,0.500015,0.994536,-0.487125,0.42795,-0.487129,-0.499996,-0.080371,1.00741,-0.499996,-0.080371,-0.646999,1.18382,-0.080371,1.00741,1.18382,-0.080371,-0.646999]},"normal":{"type":"float32","components":3,"data":[0,0,1,0,0,1,0,0,1,0,0,1,0,1,0,0,1,0,0,1,0,0,1,0,0,0,-1,0,0,-1,0,0,-1,0,0,-1,1,0,0,1,0,0,1,0,0,1,0,0,-1,0,0,-1,0,0,-1,0,0,-1,0,0,0,1,-1.94872e-06,0,1,-1.94872e-06,0,1,-1.94872e-06,0,1,-1.94872e-06,0,1,0,0,1,0,0,1,0,0,1,0,0,1,1.56886e-07,0,1,1.56886e-07,0,1,1.56886e-07,0,1,1.56886e-07,0,1,0,0,1,0,0,1,0,0,1,0,0,0,-1,0,0,-1,0,0,-1,0,0,-1,-1,0,0,-1,0,0,-1,0,0,-1,0,0,0,0,1,0,0,1,0,0,1,0,0,1,1,0,0,1,0,0,1,0,0,1,0,0,0,-1,0,0,-1,0,0,-1,0,0,-1,0]},"texCoord0":{"type":"float32","components":2,"data":[-0.40723,0.489011,-0.40723,0.809478,-0.473858,0.809478,-0.473858,0.489011,0.622618,0.493985,0.622618,0.161412,0.999971,0.493985,0.999971,0.161412,-0.479992,0.488989,-0.479992,0.809489,-0.546609,0.809489,-0.546609,0.488989,-0.959813,0.00193513,-0.959813,0.485008,-1.02645,0.485008,-1.02645,0.00193513,-0.885562,0.00193513,-0.95219,0.485025,-0.95219,0.00193513,-0.885562,0.485025,-0.878126,0.00192386,-0.557654,0.00192386,-0.561781,0.00605076,-0.874004,0.00605076,-0.557654,0.00192386,-0.557654,0.484997,-0.561781,0.480893,-0.561781,0.00605076,-0.874004,0.480893,-0.561781,0.480893,-0.557654,0.484997,-0.878126,0.484997,-0.878126,0.484997,-0.878126,0.00192386,-0.874004,0.480893,-0.874004,0.00605076,-0.552743,0.488989,-0.552743,0.80119,-0.575836,0.80119,-0.575836,0.488989,-0.371887,0.963848,-0.371887,0.489011,-0.348794,0.489011,-0.348794,0.963848,-0.581975,0.488978,-0.581975,0.801201,-0.605068,0.801201,-0.605068,0.488978,-0.401102,0.963853,-0.378009,0.489011,-0.378009,0.963853,-0.401102,0.489011,-0.550708,0.48502,-0.550708,0.00193513,-0.230236,0.48502,-0.230236,0.00193513]}}],"meshes":[{"aabb":{"min":[-0.499996,-0.080371,-0.646999],"max":[1.18382,0.500015,1.00741]},"vertices":0,"indices":[0,1,2,0,2,3,8,9,10,8,10,11,12,13,14,14,15,12,16,17,18,17,16,19,20,21,22,20,22,23,24,25,26,24,26,27,28,29,30,28,30,31,32,33,34,34,33,35,36,37,38,36,38,39,40,41,42,42,43,40,44,45,46,44,46,47,48,49,50,49,48,51],"type":"triangles","base":0,"count":72},{"aabb":{"min":[-0.499996,-0.080371,-0.646999],"max":[1.18382,0.500015,1.00741]},"vertices":0,"indices":[4,5,6,6,5,7],"type":"triangles","base":0,"count":6},{"aabb":{"min":[-0.499996,-0.080371,-0.646999],"max":[1.18382,0.500015,1.00741]},"vertices":0,"indices":[52,53,54,54,53,55],"type":"triangles","base":0,"count":6}],"meshInstances":[{"node":1,"mesh":0},{"node":1,"mesh":1},{"node":1,"mesh":2}]}}