{"model":{"version":3,"nodes":[{"name":"RootNode","position":[0,0,0],"rotation":[0,0,0],"scale":[0.01,0.01,0.01],"scaleCompensation":false},{"name":"pPlane157","position":[17783.7,0,167.593],"rotation":[0,0,0],"scale":[40753.6,871.855,3609.86],"scaleCompensation":false}],"parents":[-1,0],"skins":[],"morphs":[],"vertices":[{"position":{"type":"float32","components":3,"data":[-0.45593,-3.70074e-17,-0.177354,-0.33879,1.11022e-16,-0.5,-0.45593,1.11022e-16,-0.5,-0.33879,-3.70074e-17,-0.177354,-0.546572,-9.03094e-17,0.437663,-0.546572,-1.11022e-16,0.664455,-0.5,-1.11022e-16,0.664455,-0.5,-9.03094e-17,0.437663,-0.45593,-9.03094e-17,0.437663,-0.33879,-9.03094e-17,0.437663,-0.5,-3.70074e-17,-0.177354,-0.546572,-3.70074e-17,-0.177354,-0.5,1.11022e-16,-0.5,-0.5,-3.70074e-17,-0.177354,-0.5,-9.03094e-17,0.437663,-0.45593,-1.11022e-16,0.664455,-0.5,-1.11022e-16,0.664455]},"normal":{"type":"float32","components":3,"data":[-2.90704e-30,1,2.14717e-16,1.55265e-23,1,4.588e-16,-6.03454e-30,1,4.588e-16,-2.18837e-24,1,2.14716e-16,0,1,8.79235e-17,0,1,9.13299e-17,0,1,9.13299e-17,0,1,8.79235e-17,0,1,8.70944e-17,-1.14818e-23,1,8.66674e-17,0,1,8.66674e-17,0,1,8.66674e-17,-4.12698e-23,1,4.588e-16,5.81673e-24,1,2.14717e-16,2.22968e-23,1,8.79236e-17,0,1,9.13299e-17,0,1,9.13299e-17]},"texCoord0":{"type":"float32","components":2,"data":[0.0778862,0.722441,0.178308,0.998008,0.0778862,0.998008,0.178308,0.722441,0.000355905,0.195494,0.000355905,0.00199203,0.0403088,0.00199203,0.0403088,0.195494,0.0778862,0.195494,0.178308,0.195494,0.0403088,0.722441,0.000355905,0.722441,0.0403088,0.998008,0.0403088,0.722441,0.0403088,0.195494,0.0778862,0.00199203,0.0403088,0.00199203]}}],"meshes":[{"aabb":{"min":[-0.546572,-1.11022e-16,-0.5],"max":[-0.33879,1.11022e-16,0.664455]},"vertices":0,"indices":[0,1,2,1,0,3,4,5,6,6,7,4,8,3,0,3,8,9,7,10,4,4,10,11,12,13,0,0,2,12,8,13,14,13,8,0,15,8,16,16,8,14],"type":"triangles","base":0,"count":42}],"meshInstances":[{"node":1,"mesh":0}]}}