{"model":{"version":3,"nodes":[{"name":"RootNode","position":[0,0,0],"rotation":[0,0,0],"scale":[0.01,0.01,0.01],"scaleCompensation":false},{"name":"pCube740","position":[5.68434e-12,-8.88178e-13,-1.27898e-11],"rotation":[0,0,0],"scale":[1,1,1],"scaleCompensation":false}],"parents":[-1,0],"skins":[],"morphs":[],"vertices":[{"position":{"type":"float32","components":3,"data":[-893.344,1723.65,2704.26,-893.344,0,2704.26,-793.344,1723.65,2704.26,-793.344,0,2704.26,-793.344,1723.65,2604.26,-893.344,1723.65,2704.26,-793.344,1723.65,2704.26,-893.344,1723.65,2604.26,-893.344,0,2604.26,-893.344,1723.65,2604.26,-793.344,0,2604.26,-793.344,1723.65,2604.26,-793.344,0,2704.26,-893.344,0,2704.26,-893.344,0,2604.26,-793.344,0,2604.26,-793.344,0,2604.26,-793.344,1723.65,2604.26,-793.344,0,2704.26,-793.344,1723.65,2704.26,-893.344,1723.65,2704.26,-893.344,0,2604.26,-893.344,0,2704.26,-893.344,1723.65,2604.26,-893.719,143.636,2704.26,-2020.21,1652.35,2704.26,-893.719,0,2704.26,-1969.92,1723.46,2704.26,-1969.92,1723.46,2704.26,-1969.92,1723.46,2604.26,-2020.21,1652.35,2704.26,-2020.21,1652.35,2604.26,-1969.92,1723.46,2604.26,-893.719,143.636,2604.26,-2020.21,1652.35,2604.26,-893.719,0,2604.26,-893.719,143.636,2704.26,-893.719,0,2704.26,-893.719,0,2604.26,-893.719,143.636,2604.26,-893.719,143.636,2604.26,-1969.92,1723.46,2604.26,-893.719,143.636,2704.26,-1969.92,1723.46,2704.26,-2020.21,1652.35,2704.26,-893.719,0,2604.26,-893.719,0,2704.26,-2020.21,1652.35,2604.26,-3190.5,142.156,2704.26,-3290.5,142.156,2704.26,-3290.5,0,2704.26,-3190.5,0,2704.26,-3190.5,1723.65,2704.26,-3190.5,1723.65,2604.26,-3290.5,1723.65,2704.26,-3290.5,1723.65,2604.26,-3190.5,0,2604.26,-3290.5,0,2604.26,-3290.5,142.156,2604.26,-3190.5,142.156,2604.26,-3290.5,142.156,2704.26,-3290.5,1723.65,2604.26,-3290.5,142.156,2604.26,-3290.5,1723.65,2704.26,-3290.5,1723.65,2604.26,-3190.5,1723.65,2604.26,-3190.5,142.156,2604.26,-3190.5,1723.65,2604.26,-3190.5,142.156,2704.26,-3190.5,1723.65,2704.26,-3290.5,1723.65,2704.26,-3190.5,1723.65,2704.26,-1970.18,1723.65,2704.26,-1970.18,1723.65,2604.26,-2070.18,1723.65,2704.26,-2070.18,1723.65,2604.26,-3190.5,0,2604.26,-1970.18,1723.65,2604.26,-3190.5,0,2704.26,-1970.18,1723.65,2704.26,-1970.18,1723.65,2704.26,-2070.18,1723.65,2704.26,-3190.5,142.156,2704.26,-2070.18,1723.65,2604.26,-3190.5,142.156,2604.26,-2070.18,1723.65,2704.26,-1970.18,1723.65,2604.26,-2070.18,1723.65,2604.26,-4383.68,1583.64,2704.26,-4383.66,1723.61,2704.26,-4383.68,1583.64,2604.26,-4383.66,1723.61,2604.26,-3290.5,0,2704.26,-4383.68,1583.64,2704.26,-4383.68,1583.64,2604.26,-3290.5,0,2604.26,-4383.68,1583.64,2704.26,-4383.66,1723.61,2704.26,-3290.5,142.156,2704.26,-4383.66,1723.61,2604.26,-4383.66,1723.61,2704.26,-3290.5,142.156,2604.26,-4383.68,1583.64,2604.26,-4383.66,1723.61,2604.26,-4484.18,1723.65,2704.26,-4484.18,0,2704.26,-4384.18,1723.65,2704.26,-4384.18,0,2704.26,-4384.18,1723.65,2704.26,-4384.18,1723.65,2604.26,-4484.18,1723.65,2704.26,-4484.18,1723.65,2604.26,-4484.18,0,2604.26,-4484.18,1723.65,2604.26,-4384.18,0,2604.26,-4384.18,1723.65,2604.26,-4384.18,0,2704.26,-4484.18,0,2704.26,-4484.18,0,2604.26,-4384.18,0,2604.26,-4384.18,0,2604.26,-4384.18,1723.65,2604.26,-4384.18,0,2704.26,-4384.18,1723.65,2704.26,-4484.18,1723.65,2704.26,-4484.18,0,2604.26,-4484.18,0,2704.26,-4484.18,1723.65,2604.26]},"normal":{"type":"float32","components":3,"data":[0,0,1,0,0,1,0,0,1,0,0,1,0,1,0,0,1,0,0,1,0,0,1,0,0,0,-1,0,0,-1,0,0,-1,0,0,-1,0,-1,0,0,-1,0,0,-1,0,0,-1,0,1,0,0,1,0,0,1,0,0,1,0,0,-1,0,0,-1,0,0,-1,0,0,-1,0,0,0,0,1,0,0,1,0,0,1,0,0,1,-0.816495,0.577353,0,-0.816495,0.577353,0,-0.816495,0.577353,0,-0.816495,0.577353,0,-3.14685e-06,0,-1,-3.14685e-06,0,-1,-3.14685e-06,0,-1,-3.14685e-06,0,-1,1,0,0,1,0,0,1,0,0,1,0,0,0.826459,0.562997,0,0.826459,0.562997,0,0.826459,0.562997,0,0.826459,0.562997,0,-0.826253,-0.563299,0,-0.826253,-0.563299,0,-0.826253,-0.563299,0,-0.826253,-0.563299,0,0,0,1,1.19755e-07,0,1,1.63461e-07,0,1,0,0,1,0,1,0,0,1,0,0,1,0,0,1,0,4.94907e-06,-3.93959e-06,-1,-4.41345e-06,-4.12008e-06,-1,-3.23339e-06,-2.0455e-06,-1,3.66261e-06,-2.00355e-06,-1,-1,-1.63611e-07,0,-1,-1.63611e-07,0,-1,-1.63611e-07,0,-1,-1.63611e-07,0,0,6.17493e-07,-1,0,6.17493e-07,-1,1,1.97597e-07,0,1,1.97597e-07,0,1,1.97597e-07,0,1,1.97597e-07,0,0,0,1,0,0,1,0,1,0,0,1,0,0,1,0,0,1,0,0.81616,-0.577826,0,0.81616,-0.577826,0,0.81616,-0.577826,0,0.81616,-0.577826,0,0,0,1,0,0,1,-0.816003,0.578047,0,-0.816003,0.578047,0,-0.816003,0.578047,0,-0.816003,0.578047,0,6.03092e-06,-3.29908e-06,-1,6.03092e-06,-3.29908e-06,-1,-1,0.000138428,0,-1,0.000138428,0,-1,0.000138428,0,-1,0.000138428,0,-0.822967,-0.568089,0,-0.822967,-0.568089,0,-0.822967,-0.568089,0,-0.822967,-0.568089,0,2.02635e-07,0,1,2.02635e-07,0,1,0.822604,0.568615,0,0.822604,0.568615,0,0.822604,0.568615,0,0.822604,0.568615,0,-5.47114e-06,-3.46113e-06,-1,-5.47114e-06,-3.46113e-06,-1,0,0,1,0,0,1,0,0,1,0,0,1,0,1,0,0,1,0,0,1,0,0,1,0,0,0,-1,0,0,-1,0,0,-1,0,0,-1,0,-1,0,0,-1,0,0,-1,0,0,-1,0,1,0,0,1,0,0,1,0,0,1,0,0,-1,0,0,-1,0,0,-1,0,0,-1,0,0]},"texCoord0":{"type":"float32","components":2,"data":[0.495419,0.581143,0.495419,0.342895,0.509241,0.581143,0.509241,0.342895,0.779998,0.696803,0.766176,0.682981,0.779998,0.682981,0.766176,0.696803,0.475462,0.588219,0.475462,0.349971,0.489284,0.588219,0.489284,0.349971,0.801437,0.696803,0.787615,0.696803,0.787615,0.682981,0.801437,0.682981,0.469327,0.349971,0.469327,0.588219,0.455504,0.349971,0.455504,0.588219,0.449369,0.588219,0.435547,0.349971,0.449369,0.349971,0.435547,0.588219,0.26892,0.612064,0.109379,0.820603,0.26892,0.592211,0.11633,0.830432,0.290812,0.830432,0.276989,0.830432,0.290812,0.820603,0.276989,0.820603,0.305378,0.592211,0.457968,0.810578,0.298427,0.60204,0.457968,0.830432,0.466038,0.612064,0.466038,0.592211,0.47986,0.592211,0.47986,0.612064,0.47986,0.612064,0.47986,0.830432,0.466038,0.612064,0.466038,0.830432,0.290812,0.820603,0.276989,0.592211,0.290812,0.592211,0.276989,0.820603,0.0216413,0.170475,0.0216413,0.184297,0.00199203,0.184297,0.00199203,0.170475,0.809053,0.682981,0.822875,0.682981,0.809053,0.696804,0.822875,0.696804,0.486003,0.170475,0.486003,0.184297,0.466354,0.184297,0.466354,0.170475,0.522737,0.682981,0.508915,0.90158,0.508915,0.682981,0.522737,0.90158,0.247755,0.184297,0.247755,0.170475,0.544176,0.682981,0.544175,0.90158,0.530353,0.682981,0.530353,0.90158,0.24024,0.184297,0.24024,0.170475,0.658984,0.682981,0.672806,0.682981,0.658984,0.696804,0.672806,0.696804,0.0701344,0.349971,0.0701344,0.588219,0.056312,0.349971,0.056312,0.588219,0.24024,0.00179956,0.24024,0.0156222,0.658984,0.851656,0.672806,0.696804,0.672807,0.851656,0.658984,0.696804,0.247755,0.00179956,0.247755,0.0156222,0.0501768,0.578525,0.0501768,0.588219,0.0363545,0.578525,0.0363545,0.588219,0.0501768,0.349971,0.0501768,0.578525,0.0363545,0.578525,0.0363545,0.349971,0.230546,0.34598,0.24024,0.33915,0.0501768,0.36962,0.0363545,0.588219,0.0501768,0.588219,0.0363544,0.36962,0.257449,0.34598,0.247755,0.33915,0.495419,0.581143,0.495419,0.342895,0.509241,0.581143,0.509241,0.342895,0.779998,0.682981,0.779998,0.696803,0.766176,0.682981,0.766176,0.696803,0.475462,0.588219,0.475462,0.349971,0.489284,0.588219,0.489284,0.349971,0.801437,0.696803,0.787615,0.696803,0.787615,0.682981,0.801437,0.682981,0.469327,0.349971,0.469327,0.588219,0.455504,0.349971,0.455504,0.588219,0.449369,0.588219,0.435547,0.349971,0.449369,0.349971,0.435547,0.588219]}}],"meshes":[{"aabb":{"min":[-4484.18,0,2604.26],"max":[-793.344,1723.65,2704.26]},"vertices":0,