{"model":{"version":3,"nodes":[{"name":"RootNode","position":[0,0,0],"rotation":[0,0,0],"scale":[0.01,0.01,0.01],"scaleCompensation":false},{"name":"pCube739","position":[-1.81188e-11,-8.88178e-13,-6.39488e-12],"rotation":[0,0,0],"scale":[1,1,1],"scaleCompensation":false}],"parents":[-1,0],"skins":[],"morphs":[],"vertices":[{"position":{"type":"float32","components":3,"data":[-3720.13,860.873,2602.36,-3720.13,860.873,2543.11,-3720.13,846.024,2602.36,-3720.13,846.024,2543.11,-3720.13,860.873,2543.11,-2267.49,860.873,2543.11,-3720.13,846.024,2543.11,-2267.49,846.024,2543.11,-2267.49,846.024,2602.36,-2267.49,846.024,2543.11,-2267.49,860.873,2602.36,-2267.49,860.873,2543.11,-2267.49,860.873,2543.11,-3720.13,860.873,2543.11,-2267.49,860.873,2602.36,-3720.13,860.873,2602.36,-3720.13,846.024,2602.36,-2267.49,846.024,2543.11,-2267.49,846.024,2602.36,-3720.13,846.024,2543.11,-2761.81,-0.654175,2513.93,-2761.81,1650.98,2513.93,-2746.96,-0.654175,2513.93,-2746.96,1650.98,2513.93,-2746.96,-0.654175,2513.93,-2746.96,1650.98,2513.93,-2746.96,-0.654175,2557.83,-2746.96,1650.98,2557.83,-2761.81,1650.98,2557.83,-2761.81,-0.654175,2513.93,-2761.81,-0.654175,2557.83,-2761.81,1650.98,2513.93,-3724.05,-0.654175,2513.93,-3724.05,1650.98,2513.93,-3709.2,-0.654175,2513.93,-3709.2,1650.98,2513.93,-3709.2,-0.654175,2513.93,-3709.2,1650.98,2513.93,-3709.2,-0.654175,2602.36,-3709.2,1650.98,2602.36,-3724.05,1650.98,2602.36,-3724.05,-0.654175,2513.93,-3724.05,-0.654175,2602.36,-3724.05,1650.98,2513.93,-3724.02,1665.83,2514.61,-3724.02,1650.98,2602.36,-3724.02,1665.83,2602.36,-3724.02,1650.98,2514.61,-3724.02,1665.83,2514.61,-2260.23,1665.83,2514.61,-3724.02,1650.98,2514.61,-2260.23,1650.98,2514.61,-2260.23,1650.98,2602.36,-2260.23,1650.98,2514.61,-2260.23,1665.83,2602.36,-2260.23,1665.83,2514.61,-2260.23,1665.83,2514.61,-3724.02,1665.83,2514.61,-2260.23,1665.83,2602.36,-3724.02,1665.83,2602.36,-3724.02,1650.98,2602.36,-2260.23,1650.98,2514.61,-2260.23,1650.98,2602.36,-3724.02,1650.98,2514.61,-3729.91,13.038,2514.61,-2260.09,13.038,2514.61,-3729.91,-1.81151,2514.61,-2260.09,-1.81151,2514.61,-2260.09,-1.81151,2602.36,-2260.09,-1.81151,2514.61,-2260.09,13.038,2602.36,-2260.09,13.038,2514.61,-2260.09,13.038,2514.61,-3729.91,13.038,2514.61,-2260.09,13.038,2602.36,-3729.91,13.038,2602.36,-3729.91,-1.81151,2602.36,-2260.09,-1.81151,2514.61,-2260.09,-1.81151,2602.36,-3729.91,-1.81151,2514.61,-3224.56,-0.654175,2513.93,-3224.56,1650.98,2513.93,-3209.71,-0.654175,2513.93,-3209.71,1650.98,2513.93,-3209.71,-0.654175,2513.93,-3209.71,1650.98,2513.93,-3209.71,-0.654175,2557.83,-3209.71,1650.98,2557.83,-3224.56,1650.98,2557.83,-3224.56,-0.654175,2513.93,-3224.56,-0.654175,2557.83,-3224.56,1650.98,2513.93,-2275.07,-0.654175,2513.93,-2275.07,1650.98,2513.93,-2260.22,-0.654175,2513.93,-2260.22,1650.98,2513.93,-2260.22,-0.654175,2513.93,-2260.22,1650.98,2513.93,-2260.22,-0.654175,2602.36,-2260.22,1650.98,2602.36,-2275.07,1650.98,2602.36,-2275.07,-0.654175,2513.93,-2275.07,-0.654175,2602.36,-2275.07,1650.98,2513.93,-4482.7,860.873,2602.36,-4482.7,860.873,2543.11,-4482.7,846.024,2602.36,-4482.7,846.024,2543.11,-4482.7,860.873,2543.11,-3731.28,860.873,2543.11,-4482.7,846.024,2543.11,-3731.28,846.024,2543.11,-3731.28,846.024,2602.36,-3731.28,846.024,2543.11,-3731.28,860.873,2602.36,-3731.28,860.873,2543.11,-3731.28,860.873,2543.11,-4482.7,860.873,2543.11,-3731.28,860.873,2602.36,-4482.7,860.873,2602.36,-4482.7,846.024,2602.36,-3731.28,846.024,2543.11,-3731.28,846.024,2602.36,-4482.7,846.024,2543.11,-4225.61,-0.654175,2513.93,-4225.61,1650.98,2513.93,-4210.75,-0.654175,2513.93,-4210.75,1650.98,2513.93,-4210.75,-0.654175,2513.93,-4210.75,1650.98,2513.93,-4210.75,-0.654175,2557.83,-4210.75,1650.98,2557.83,-4225.61,1650.98,2557.83,-4225.61,-0.654175,2513.93,-4225.61,-0.654175,2557.83,-4225.61,1650.98,2513.93,-4486.62,-0.654175,2513.93,-4486.62,1650.98,2513.93,-4471.77,-0.654175,2513.93,-4471.77,1650.98,2513.93,-4471.77,-0.654175,2513.93,-4471.77,1650.98,2513.93,-4471.77,-0.654175,2602.36,-4471.77,1650.98,2602.36,-4486.62,1650.98,2602.36,-4486.62,-0.654175,2513.93,-4486.62,-0.654175,2602.36,-4486.62,1650.98,2513.93,-4486.59,1665.83,2514.61,-4486.59,1650.98,2602.36,-4486.59,1665.83,2602.36,-4486.59,1650.98,2514.61,-4486.59,1665.83,2514.61,-3724.02,1665.83,2514.61,-4486.59,1650.98,2514.61,-3724.02,1650.98,2514.61,-3724.02,1650.98,2602.36,-3724.02,1650.98,2514.61,-3724.02,1665.83,2602.36,-3724.02,1665.83,2514.61,-3724.02,1665.83,2514.61,-4486.59,1665.83,2514.61,-3724.02,1665.83,2602.36,-4486.59,1665.83,2602.36,-4486.59,1650.98,2602.36,-3724.02,1650.98,2514.61,-3724.02,1650.98,2602.36,-4486.59,1650.98,2514.61,-4492.47,13.038,2514.61,-3723.88,13.038,2514.61,-4492.47,-1.81151,2514.61,-3723.88,-1.81151,2514.61,-3723.88,-1.81151,2602.36,-3723.88,-1.81151,2514.61,-3723.88,13.038,2602.36,-3723.88,13.038,2514.61,-3723.88,13.038,2514.61,-4492.47,13.038,2514.61,-3723.88,13.038,2602.36,-4492.47,13.038,2602.36,-4492.47,-1.81151,2602.36,-3723.88,-1.81151,2514.61,-3723.88,-1.81151,2602.36,-4492.47,-1.81151,2514.61,-3738.87,-0.654175,2513.93,-3738.87,1650.98,2513.93,-3724.02,-0.654175,2513.93,-3724.02,1650.98,2513.93,-3724.02,-0.654175,2513.93,-3724.02,1650.98,2513.93,-3724.02,-0.654175,2602.36,-3724.02,1650.98,2602.36,-3738.87,1650.98,2602.36,-3738.87,-0.654175,2513.93,-3738.87,-0.654175,2602.36,-3738.87,1650.98,2513.93,-2256.34,860.873,2602.36,-2256.34,860.873,2543.11,-2256.34,846.024,2602.36,-2256.34,846.024,2543.11,-2256.34,860.873,2543.11,-803.695,860.873,2543.11,-2256.34,846.024,2543.11,-803.695,846.024,2543.11,-803.695,846.024,2602.36,-803.695,846.024,2543.11,-803.695,860.873,2602.36,-803.695,860.873,2543.11,-803.695,860.873,2543.11,-2256.34,860.873,2543.11,-803.695,860.873,2602.36,-2256.34,860.873,2602.36,-2256.34,846.024,2602.36,-803.695,846.024,2543.11,-803.695,846.024,2602.36,-2256.34,846.024,2543.11,-1298.02,-0.654175,2513.93,-1298.02,1650.98,2513.93,-1283.17,-0.654175,2513.93,-1283.17,1650.98,2513.93,-1283.17,-0.654175,2513.93,-1283.17,1650.98,2513.93,-1283.17,-0.654175,2557.83,-1283.17,1650.98,2557.83,-1298.02,1650.98,2557.83,-1298.02,-0.654175,2513.93,-1298.02,-0.654175,2557.83,-1298.02,1650.98,2513.93,-2260.26,-0.654175,2513.93,-2260.26,1650.98,2513.93,-2245.41,-0.654175,2513.93,-2245.41,1650.98,2513.93,-2245.41,-0.654175,2513.93,-2245.41,1650.98,2513.93,-2245.41,-0.654175,2602.36,-2245.41,1650.98,2602.36,-2260.26,1650.98,2602.36,-2260.26,-0.654175,2513.93,-2260.26,-0.654175,2602.36,-2260.26,1650.98,2513.93,-2260.23,1665.83,2514.61,-2260.23,1650.98,2602.36,-2260.23,1665.83,2602.36,-2260.23,1650.98,2514.61,-2260.23,1665.83,2514.61,-796.434,1665.83,2514.61,-2260.23,1650.98,2514.61,-796.434,1650.98,2514.61,-796.434,1650.98,2602.36,-796.434,1650.98,2514.61,-796.434,1665.83,2602.36,-796.434,1665.83,2514.61,-796.434,1665.83,2514.61,-2260.23,1665.83,2514.61,-796.434,1665.83,2602.36,-2260.23,1665.83,2602.36,-2260.23,1650.98,2602.36,-796.434,1650.98,2514.61,-796.434,1650.98,2602.36,-2260.23,1650.98,2514.61,-2266.11,13.038,2514.61,-796.297,13.038,2514.61,-2266.11,-1.81151,2514.61,-796.297,-1.81151,2514.61,-796.297,-1.81151,2602.36,-796.297,-1.81151,2514.61,-796.297,13.038,2602.36,-796.297,13.038,2514.61,-796.297,13.038,2514.61,-2266.11,13.038,2514.61,-796.297,13.038,2602.36,-2266.11,13.038,2602.36,-2266.11,-1.81151,2602.36,-796.297,-1.81151,2514.61,-796.297,-1.81151,2602.36,-2266.11,-1.81151,2514.61,-1760.77,-0.654175,2513.93,-1760.77,1650.98,2513.93,-1745.91,-0.654175,2513.93,-1745.91,1650.98,2513.93,-1745.91,-0.654175,2513.93,-1745.91,1650.98,2513.93,-1745.91,-0.654175,2557.83,-1745.91,1650.98,2557.83,-1760.77,1650.98,2557.83,-1760.77,-0.654175,2513.93,-1760.77,-0.654175,2557.83,-1760.77,1650.98,2513.93,-811.281,-0.654175,2513.93,-811.281,1650.98,2513.93,-796.43,-0.654175,2513.93,-796.43,1650.98,2513.93,-796.43,-0.654175,2513.93,-796.43,1650.98,2513.93,-796.43,-0.654175,2602.36,-796.43,1650.98,2602.36,-811.281,1650.98,2602.36,-811.281,-0.654175,2513.93,-811.281,-0.654175,2602.36,-811.281,1650.98,2513.93]},