{"model":{"version":3,"nodes":[{"name":"RootNode","position":[0,0,0],"rotation":[0,0,0],"scale":[0.01,0.01,0.01],"scaleCompensation":false},{"name":"pCube738","position":[2.26485e-12,5.15143e-12,-3.10862e-12],"rotation":[0,0,0],"scale":[1,1,1],"scaleCompensation":false}],"parents":[-1,0],"skins":[],"morphs":[],"vertices":[{"position":{"type":"float32","components":3,"data":[2267.43,1652.4,-1580.6,819.003,1652.4,-1580.6,819.003,-5.99355,-1580.6,2267.43,-5.99355,-1580.6,3877.99,1652.4,-1580.6,2289.06,1652.4,-1580.6,2289.06,-5.99355,-1580.6,3877.99,-5.99355,-1580.6,802.65,1652.4,-1580.6,-645.782,1652.4,-1580.6,-645.782,-5.99355,-1580.6,802.65,-5.99355,-1580.6,-658.876,1652.4,-1580.6,-2107.31,1652.4,-1580.6,-2107.31,-5.99355,-1580.6,-658.876,-5.99355,-1580.6,-2608.8,1651.78,-472.308,-4056.47,1651.78,-472.308,-4056.47,-5.99355,-472.308,-2608.8,-5.99355,-472.308,3928.62,1652.4,-183.007,3928.62,-5.99355,-1541.12,3928.62,-5.99355,-183.007,3928.62,1652.4,-1541.12,3928.62,1652.4,892.2,3928.62,-5.99355,-169.706,3928.62,-5.99355,892.2,3928.62,1652.4,-169.706,-805.612,-5.99355,2548.15,-2248.38,-5.99355,2548.15,-805.612,1710.88,2548.15,-2248.38,1710.88,2548.15,-2271.93,-5.99355,2548.15,-3714.61,-5.99355,2548.15,-2271.93,1710.88,2548.15,-3714.61,1710.88,2548.15,-3735.51,1710.88,2548.15,-3735.51,-5.99355,2548.15,-4475.99,-5.99355,2548.15,-4475.99,1710.88,2548.15]},"normal":{"type":"float32","components":3,"data":[0,0,1,0,0,1,0,0,1,0,0,1,0,0,1,0,0,1,0,0,1,0,0,1,0,0,1,0,0,1,0,0,1,0,0,1,0,0,1,0,0,1,0,0,1,0,0,1,0,0,1,0,0,1,0,0,1,0,0,1,-1,0,0,-1,0,0,-1,0,0,-1,0,0,-1,0,0,-1,0,0,-1,0,0,-1,0,0,0,0,-1,0,0,-1,0,0,-1,0,0,-1,0,0,-1,0,0,-1,0,0,-1,0,0,-1,0,0,-1,0,0,-1,0,0,-1,0,0,-1]},"texCoord0":{"type":"float32","components":2,"data":[0.28688,0.00200927,0.28688,0.997991,0.00172085,0.997991,0.00172085,0.00200927,0.28688,0.00200927,0.28688,0.997991,0.00172085,0.997991,0.00172085,0.00200927,0.28688,0.00200927,0.28688,0.997991,0.00172085,0.997991,0.00172085,0.00200927,0.28688,0.00200927,0.28688,0.997991,0.00172085,0.997991,0.00172085,0.00200927,0.28688,0.00200927,0.28688,0.997991,0.00172085,0.997991,0.00172085,0.00200927,0.28688,0.00200927,0.00172085,0.997991,0.00172085,0.00200927,0.28688,0.997991,0.28688,0.00200927,0.00172085,0.997991,0.00172085,0.00200927,0.28688,0.997991,0.00172085,0.00200927,0.00172085,0.997991,0.28688,0.00200927,0.28688,0.997991,0.00172085,0.00200927,0.00172085,0.997991,0.28688,0.00200927,0.28688,0.997991,0.28688,0.00200927,0.00172085,0.00200927,0.00172085,0.997991,0.28688,0.997991]}}],"meshes":[{"aabb":{"min":[-4475.99,-5.99355,-1580.6],"max":[3928.62,1710.88,2548.15]},"vertices":0,"indices":[0,1,2,0,2,3,4,5,6,4,6,7,8,9,10,8,10,11,12,13,14,12,14,15,16,17,18,16,18,19,20,21,22,21,20,23,24,25,26,25,24,27,28,29,30,29,31,30,32,33,34,33,35,34,36,37,38,38,39,36],"type":"triangles","base":0,"count":60}],"meshInstances":[{"node":1,"mesh":0}]}}