{"model":{"version":3,"nodes":[{"name":"RootNode","position":[0,0,0],"rotation":[0,0,0],"scale":[0.01,0.01,0.01],"scaleCompensation":false},{"name":"pPlane211","position":[17787.5,1724.98,167.593],"rotation":[0,0,0],"scale":[40753.6,871.855,3609.86],"scaleCompensation":false}],"parents":[-1,0],"skins":[],"morphs":[],"vertices":[{"position":{"type":"float32","components":3,"data":[-0.455233,-7.15256e-07,-0.5,-0.455233,-7.15256e-07,-0.182631,-0.339152,-7.15256e-07,-0.182631,-0.339152,-7.15256e-07,-0.5,-0.546666,-7.15256e-07,0.441966,-0.546666,-7.15256e-07,0.666504,-0.500455,-7.15256e-07,0.666504,-0.500455,-7.15256e-07,0.441966,-0.455233,-7.15256e-07,0.446232,-0.339152,-7.15256e-07,0.446232,-0.500455,-7.15256e-07,-0.182631,-0.546666,-7.15256e-07,-0.182631,-0.500455,-7.15256e-07,-0.5,-0.500455,-7.15256e-07,0.441966,-0.455233,-7.15256e-07,0.666504]},"normal":{"type":"float32","components":3,"data":[0,1,0,0,1,0,0,1,0,0,1,0,0,1,0,0,1,0,0,1,0,0,1,0,0,1,0,0,1,0,0,1,0,0,1,0,0,1,0,0,1,0,0,1,0]},"texCoord0":{"type":"float32","components":2,"data":[0.264248,0.00245187,0.264248,0.277897,0.363804,0.277897,0.363804,0.00245187,0.186535,0.807404,0.186535,0.997548,0.225851,0.997548,0.225851,0.807404,0.264248,0.807404,0.363804,0.807404,0.225851,0.277897,0.186535,0.277897,0.225851,0.00245187,0.225851,0.807404,0.264248,0.997548]}}],"meshes":[{"aabb":{"min":[-0.546666,-7.15256e-07,-0.5],"max":[-0.339152,-7.15256e-07,0.666504]},"vertices":0,"indices":[0,1,2,2,3,0,4,5,6,6,7,4,2,8,9,8,2,1,7,10,4,4,10,11,12,10,1,1,0,12,8,1,13,13,1,10,14,8,6,6,8,13],"type":"triangles","base":0,"count":42}],"meshInstances":[{"node":1,"mesh":0}]}}