{"model":{"version":3,"nodes":[{"name":"RootNode","position":[0,0,0],"rotation":[0,0,0],"scale":[0.01,0.01,0.01],"scaleCompensation":false},{"name":"Glow_Marker","position":[-3.72231e-22,-1.61329e-14,1.38553e-21],"rotation":[0,-0,0],"scale":[1,1,1],"scaleCompensation":false}],"parents":[-1,0],"skins":[],"morphs":[],"vertices":[{"position":{"type":"float32","components":3,"data":[1.31823,-0.0150697,-0.428318,1.12135,-0.0150697,-0.814709,0.925755,-0.0150697,-0.300796,0.787494,-0.0150697,-0.572148,1.12135,-0.0150697,-0.814709,0.814709,-0.0150697,-1.12135,0.787494,-0.0150697,-0.572148,0.572148,-0.0150697,-0.787493,0.300796,-0.0150697,-0.925755,0.814709,-0.0150697,-1.12135,0.428318,-0.0150697,-1.31823,0.572148,-0.0150697,-0.787493,0.300796,-0.0150697,-0.925755,5.43888e-08,-0.0150697,-1.38607,5.19478e-09,-0.0150697,-0.973396,0.428318,-0.0150697,-1.31823,5.43888e-08,-0.0150697,-1.38607,-0.300796,-0.0150697,-0.925755,5.19478e-09,-0.0150697,-0.973396,-0.428318,-0.0150697,-1.31823,-0.300796,-0.0150697,-0.925755,-0.428318,-0.0150697,-1.31823,-0.814709,-0.0150697,-1.12135,-0.572148,-0.0150697,-0.787493,-0.572148,-0.0150697,-0.787493,-0.814709,-0.0150697,-1.12135,-1.12135,-0.0150697,-0.814708,-0.787493,-0.0150697,-0.572147,-1.12135,-0.0150697,-0.814708,-0.925754,-0.0150697,-0.300796,-0.787493,-0.0150697,-0.572147,-1.31823,-0.0150697,-0.428317,-0.925754,-0.0150697,-0.300796,-1.38606,-0.0150697,8.15831e-08,-0.973395,-0.0150697,7.79215e-09,-1.31823,-0.0150697,-0.428317,-0.925754,-0.0150697,0.300796,-1.38606,-0.0150697,8.15831e-08,-1.31823,-0.0150697,0.428318,-0.973395,-0.0150697,7.79215e-09,-0.925754,-0.0150697,0.300796,-1.12135,-0.0150697,0.814709,-0.787493,-0.0150697,0.572147,-1.31823,-0.0150697,0.428318,-0.814708,-0.0150697,1.12135,-0.787493,-0.0150697,0.572147,-1.12135,-0.0150697,0.814709,-0.572147,-0.0150697,0.787493,-0.814708,-0.0150697,1.12135,-0.300796,-0.0150697,0.925754,-0.572147,-0.0150697,0.787493,-0.428318,-0.0150697,1.31823,-0.428318,-0.0150697,1.31823,1.30808e-08,-0.0150697,1.38606,-0.300796,-0.0150697,0.925754,-2.38147e-08,-0.0150697,0.973395,1.30808e-08,-0.0150697,1.38606,0.300796,-0.0150697,0.925754,-2.38147e-08,-0.0150697,0.973395,0.428318,-0.0150697,1.31823,0.300796,-0.0150697,0.925754,0.814708,-0.0150697,1.12135,0.572147,-0.0150697,0.787493,0.428318,-0.0150697,1.31823,0.572147,-0.0150697,0.787493,1.12135,-0.0150697,0.814708,0.787493,-0.0150697,0.572147,0.814708,-0.0150697,1.12135,1.12135,-0.0150697,0.814708,0.925754,-0.0150697,0.300796,0.787493,-0.0150697,0.572147,1.31823,-0.0150697,0.428318,1.38606,-0.0150697,8.15831e-08,0.925754,-0.0150697,0.300796,1.31823,-0.0150697,0.428318,0.973395,-0.0150697,7.79215e-09,1.38606,-0.0150697,8.15831e-08,0.925755,-0.0150697,-0.300796,0.973395,-0.0150697,7.79215e-09,1.31823,-0.0150697,-0.428318,0.809018,-0.00699401,-0.587786,0.809018,1.99301,-0.587786,0.951057,-0.00699401,-0.309017,0.951057,1.99301,-0.309017,0.587786,1.99301,-0.809017,0.587786,-0.00699401,-0.809017,0.309017,-0.00699401,-0.951057,0.309017,1.99301,-0.951057,0,1.99301,-1,0,-0.00699401,-1,-0.309017,1.99301,-0.951057,-0.309017,-0.00699401,-0.951057,-0.587785,-0.00699401,-0.809017,-0.587785,1.99301,-0.809017,-0.809017,1.99301,-0.587785,-0.809017,-0.00699401,-0.587785,-0.951057,1.99301,-0.309017,-0.951057,-0.00699401,-0.309017,-1,1.99301,0,-1,-0.00699401,0,-0.951057,1.99301,0.309017,-0.951057,-0.00699401,0.309017,-0.809017,1.99301,0.587785,-0.809017,-0.00699401,0.587785,-0.587785,1.99301,0.809017,-0.587785,-0.00699401,0.809017,-0.309017,1.99301,0.951057,-0.309017,-0.00699401,0.951057,-2.98023e-08,1.99301,1,-2.98023e-08,-0.00699401,1,0.309017,1.99301,0.951057,0.309017,-0.00699401,0.951057,0.587785,1.99301,0.809017,0.587785,-0.00699401,0.809017,0.809017,1.99301,0.587785,0.809017,-0.00699401,0.587785,0.951057,-0.00699401,0.309017,0.951057,1.99301,0.309017,1,-0.00699401,0,1,1.99301,0,0.951057,-0.00699401,-0.309017,0.951057,1.99301,-0.309017]},"normal":{"type":"float32","components":3,"data":[0,1,-1.54765e-09,0,1,-1.54765e-09,0,1,-1.54765e-09,0,1,-1.54765e-09,0,1,0,0,1,0,0,1,0,0,1,0,0,1,-3.0953e-09,0,1,-3.0953e-09,0,1,-3.0953e-09,0,1,-3.0953e-09,0,1,0,0,1,0,0,1,0,0,1,0,0,1,0,0,1,0,0,1,0,0,1,0,0,1,-3.0953e-09,0,1,-3.0953e-09,0,1,-3.0953e-09,0,1,-3.0953e-09,0,1,0,0,1,0,0,1,0,0,1,0,0,1,4.64295e-09,0,1,4.64295e-09,0,1,4.64295e-09,0,1,4.64295e-09,0,1,-2.32148e-09,0,1,-2.32148e-09,0,1,-2.32148e-09,0,1,-2.32148e-09,0,1,2.32148e-09,0,1,2.32148e-09,0,1,2.32148e-09,0,1,2.32148e-09,0,1,-1.54765e-09,0,1,-1.54765e-09,0,1,-1.54765e-09,0,1,-1.54765e-09,0,1,3.09531e-09,0,1,3.09531e-09,0,1,3.09531e-09,0,1,3.09531e-09,0,1,0,0,1,0,0,1,0,0,1,0,0,1,0,0,1,0,0,1,0,0,1,0,0,1,0,0,1,0,0,1,0,0,1,0,0,1,0,0,1,0,0,1,0,0,1,0,0,1,0,0,1,0,0,1,0,0,1,0,0,1,-4.64295e-09,0,1,-4.64295e-09,0,1,-4.64295e-09,0,1,-4.64295e-09,0,1,2.32148e-09,0,1,2.32148e-09,0,1,2.32148e-09,0,1,2.32148e-09,0,1,1.54765e-09,0,1,1.54765e-09,0,1,1.54765e-09,0,1,1.54765e-09,0.809017,0,-0.587785,0.809017,0,-0.587785,0.951057,0,-0.309016,0.951057,0,-0.309016,0.587785,0,-0.809017,0.587785,0,-0.809017,0.309017,0,-0.951057,0.309017,0,-0.951057,-9.20956e-08,0,-1,-9.20956e-08,0,-1,-0.309017,0,-0.951056,-0.309017,0,-0.951056,-0.587785,0,-0.809017,-0.587785,0,-0.809017,-0.809017,0,-0.587785,-0.809017,0,-0.587785,-0.951057,0,-0.309017,-0.951057,0,-0.309017,-1,0,0,-1,0,0,-0.951056,0,0.309017,-0.951056,0,0.309017,-0.809017,0,0.587785,-0.809017,0,0.587785,-0.587785,0,0.809017,-0.587785,0,0.809017,-0.309017,0,0.951057,-0.309017,0,0.951057,9.20956e-08,0,1,9.20956e-08,0,1,0.309017,0,0.951056,0.309017,0,0.951056,0.587785,0,0.809017,0.587785,0,0.809017,0.809017,0,0.587785,0.809017,0,0.587785,0.951056,0,0.309017,0.951056,0,0.309017,1,0,9.59329e-07,1,0,9.59329e-07,0.951057,0,-0.309016,0.951057,0,-0.309016]},"texCoord0":{"type":"float32","components":2,"data":[1,0.334245,0,0.334245,1,1.00079,0,1.00079,1,0.334245,0,0.334245,1,1.00079,0,1.00079,0,1.00079,1,0.334245,0,0.334245,1,1.00079,1,1.00079,0,0.334245,0,1.00079,1,0.334245,1,0.334245,0,1.00079,1,1.00079,0,0.334245,1,1.00079,1,0.334245,0,0.334245,0,1.00079,1,1.00079,1,0.334245,0,0.334245,0,1.00079,1,0.334245,0,1.00079,1,1.00079,0,0.334245,1,1.00079,0,0.334245,0,1.00079,1,0.334245,0,1.00079,1,0.334245,0,0.334245,1,1.00079,1,1.00079,0,0.334245,0,1.00079,1,0.334245,0,0.334245,1,1.00079,1,0.334245,0,1.00079,1,0.334245,0,1.00079,1,1.00079,0,0.334245,1,0.334245,0,0.334245,1,1.00079,0,1.00079,1,0.334245,0,1.00079,1,1.00079,0,0.334245,1,1.00079,0,0.334245,0,1.00079,1,0.334245,1,1.00079,0,0.334245,0,1.00079,1,0.334245,1,0.334245,0,1.00079,1,1.00079,0,0.334245,0,0.334245,1,1.00079,1,0.334245,0,1.00079,1,0.334245,0,1.00079,1,1.00079,0,0.334245,0.20217,0.413813,0.20217,0.988025,0.169077,0.413813,0.169077,0.988025,0.235262,0.988025,0.235262,0.413813,0.268354,0.413813,0.268354,0.988025,0.301446,0.988025,0.301446,0.413813,0.334539,0.988025,0.334539,0.413813,0.367631,0.413813,0.367631,0.988025,0.400723,0.988025,0.400723,0.413813,0.433815,0.988025,0.433815,0.413813,0.466908,0.988025,0.466908,0.413813,0.5,0.988025,0.5,0.413813,0.533092,0.988025,0.533092,0.413813,0.566184,0.988025,0.566184,0.413813,0.599277,0.988025,0.599277,0.413813,0.632369,0.988025,0.632369,0.413813,0.665461,0.988025,0.665461,0.413813,0.698553,0.988025,0.698553,0.413813,0.731646,0.988025,0.731646,0.413813,0.764738,0.413813,0.764738,0.988025,0.79783,0.413813,0.79783,0.988025,0.830922,0.413813,0.830922,0.988025]}}],"meshes":[{"aabb":{"min":[-1.38606,-0.0150697,-1.38607],"max":[1.38606,1.99301,1.38606]},"vertices":0,