{"model":{"version":3,"nodes":[{"name":"RootNode","position":[0,0,0],"rotation":[0,0,0],"scale":[0.01,0.01,0.01],"scaleCompensation":false},{"name":"Areti_Triangle","position":[0,0,-12],"rotation":[-90,-0,0],"scale":[1,1,1],"scaleCompensation":false}],"parents":[-1,0],"skins":[],"morphs":[],"vertices":[{"position":{"type":"float32","components":3,"data":[-24.5671,29.85,39.6782,44.8698,29.85,-8.9407e-08,44.8698,0.150001,-8.9407e-08,-24.5671,0.150001,39.6782,44.85,0.150001,39.9256,44.85,29.85,39.9256,-24.5014,29.85,39.9256,-24.5014,0.150001,39.9256,44.85,9.53674e-07,0.184056,44.85,9.53674e-07,39.7756,-24.4352,9.53674e-07,39.7756,45,29.85,39.7756,45,0.150001,39.7756,45,0.150001,0.0755791,45,29.85,0.0755791,44.85,9.53674e-07,0.184056,44.8698,0.150001,-8.9407e-08,45,0.150001,0.0755791,45,29.85,0.0755791,44.8698,29.85,-8.9407e-08,44.85,30,0.184056,44.85,9.53674e-07,39.7756,45,0.150001,39.7756,44.85,0.150001,39.9256,45,29.85,39.7756,44.85,30,39.7756,44.85,29.85,39.9256,44.8698,0.150001,-8.9407e-08,44.8698,29.85,-8.9407e-08,45,29.85,0.0755791,45,0.150001,0.0755791,44.8698,29.85,-8.9407e-08,-24.5671,29.85,39.6782,-24.4352,30,39.7756,44.85,30,0.184056,44.8698,0.150001,-8.9407e-08,44.85,9.53674e-07,0.184056,-24.4352,9.53674e-07,39.7756,-24.5671,0.150001,39.6782,44.85,0.150001,39.9256,-24.5014,0.150001,39.9256,-24.4352,9.53674e-07,39.7756,44.85,9.53674e-07,39.7756,-24.5014,29.85,39.9256,44.85,29.85,39.9256,44.85,30,39.7756,-24.4352,30,39.7756,44.85,29.85,39.9256,44.85,0.150001,39.9256,45,0.150001,39.7756,45,29.85,39.7756,44.85,9.53674e-07,39.7756,44.85,9.53674e-07,0.184056,45,0.150001,0.0755791,45,0.150001,39.7756,44.85,30,39.7756,45,29.85,39.7756,45,29.85,0.0755791,44.85,30,0.184056,-24.5014,0.150001,39.9256,-24.5671,0.150001,39.6782,-24.4352,9.53674e-07,39.7756,-24.5671,29.85,39.6782,-24.5014,29.85,39.9256,-24.4352,30,39.7756,-24.5014,0.150001,39.9256,-24.5014,29.85,39.9256,-24.5671,29.85,39.6782,-24.5671,0.150001,39.6782,-24.4352,30,39.7756,44.85,30,39.7756,44.85,30,0.184056,-44.8698,-0.149997,-8.9407e-08,24.5671,-0.149997,39.6782,24.5671,-29.85,39.6782,-44.8698,-29.85,-8.9407e-08,-44.85,-29.85,39.9256,24.5014,-29.85,39.9256,24.5014,-0.149997,39.9256,-44.85,-0.149997,39.9256,-44.85,-30,0.184056,24.4352,-30,39.7756,-44.85,-30,39.7756,24.4352,2.86102e-06,39.7756,-44.85,2.86102e-06,0.184056,-44.85,2.86102e-06,39.7756,-45,-29.85,0.0755791,-45,-29.85,39.7756,-45,-0.149997,39.7756,-45,-0.149997,0.0755791,-44.85,-30,0.184056,-45,-29.85,0.0755791,-44.8698,-29.85,-8.9407e-08,-45,-0.149997,0.0755791,-44.85,2.86102e-06,0.184056,-44.8698,-0.149997,-8.9407e-08,-44.85,-30,39.7756,-44.85,-29.85,39.9256,-45,-29.85,39.7756,-45,-0.149997,39.7756,-44.85,-0.149997,39.9256,-44.85,2.86102e-06,39.7756,-44.8698,-29.85,-8.9407e-08,-45,-29.85,0.0755791,-45,-0.149997,0.0755791,-44.8698,-0.149997,-8.9407e-08,-44.85,2.86102e-06,0.184056,24.4352,2.86102e-06,39.7756,24.5671,-0.149997,39.6782,-44.8698,-0.149997,-8.9407e-08,24.5671,-29.85,39.6782,24.4352,-30,39.7756,-44.85,-30,0.184056,-44.8698,-29.85,-8.9407e-08,-44.85,-29.85,39.9256,-44.85,-30,39.7756,24.4352,-30,39.7756,24.5014,-29.85,39.9256,24.5014,-0.149997,39.9256,24.4352,2.86102e-06,39.7756,-44.85,2.86102e-06,39.7756,-44.85,-0.149997,39.9256,-44.85,-0.149997,39.9256,-45,-0.149997,39.7756,-45,-29.85,39.7756,-44.85,-29.85,39.9256,-44.85,-30,39.7756,-45,-29.85,39.7756,-45,-29.85,0.0755791,-44.85,-30,0.184056,-45,-0.149997,0.0755791,-45,-0.149997,39.7756,-44.85,2.86102e-06,39.7756,-44.85,2.86102e-06,0.184056,24.5014,-29.85,39.9256,24.4352,-30,39.7756,24.5671,-29.85,39.6782,24.5671,-0.149997,39.6782,24.4352,2.86102e-06,39.7756,24.5014,-0.149997,39.9256,24.5014,-29.85,39.9256,24.5671,-29.85,39.6782,24.5671,-0.149997,39.6782,24.5014,-0.149997,39.9256]},"normal":{"type":"float32","components":3,"data":[-0.496139,0,-0.868243,-0.496139,0,-0.868243,-0.496139,0,-0.868243,-0.496139,0,-0.868243,0,0,1,0,0,1,0,0,1,0,0,1,0,-1,0,0,-1,0,0,-1,0,1,0,0,1,0,0,1,0,0,1,0,0,0.333066,-0.748119,-0.573921,0.333066,-0.748119,-0.573921,0.333066,-0.748119,-0.573921,0.333068,0.748115,-0.573925,0.333068,0.748115,-0.573925,0.333068,0.748115,-0.573925,0.577348,-0.577355,0.577348,0.577348,-0.577355,0.577348,0.577348,-0.577355,0.577348,0.57735,0.57735,0.57735,0.57735,0.57735,0.57735,0.57735,0.57735,0.57735,0.501935,0,-0.864906,0.501935,0,-0.864906,0.501935,0,-0.864906,0.501935,0,-0.864906,-0.350827,0.707098,-0.613948,-0.350825,0.707103,-0.613944,-0.350825,0.707103,-0.613944,-0.350827,0.707098,-0.613948,-0.350825,-0.707103,-0.613944,-0.350825,-0.707103,-0.613944,-0.350823,-0.707108,-0.61394,-0.350823,-0.707108,-0.61394,0,-0.707111,0.707102,0,-0.707111,0.707102,0,-0.707111,0.707102,0,-0.707111,0.707102,0,0.707107,0.707107,0,0.707107,0.707107,0,0.707107,0.707107,0,0.707107,0.707107,0.707107,0,0.707107,0.707107,0,0.707107,0.707107,0,0.707107,0.707107,0,0.707107,0.707102,-0.707111,0,0.707102,-0.707111,0,0.707102,-0.707111,0,0.707102,-0.707111,0,0.707107,0.707107,0,0.707107,0.707107,0,0.707107,0.707107,0,0.707107,0.707107,0,-0.797886,-0.564339,0.211896,-0.797886,-0.564339,0.211896,-0.797886,-0.564339,0.211896,-0.797889,0.564334,0.211897,-0.797889,0.564334,0.211897,-0.797889,0.564334,0.211897,-0.966498,0,0.256675,-0.966498,0,0.256675,-0.966498,0,0.256675,-0.966498,0,0.256675,0,1,0,0,1,0,0,1,0,0.496139,0,-0.868243,0.496139,0,-0.868243,0.496139,0,-0.868243,0.496139,0,-0.868243,0,0,1,0,0,1,0,0,1,0,0,1,0,-1,0,0,-1,0,0,-1,0,0,1,0,0,1,0,0,1,0,-1,0,0,-1,0,0,-1,0,0,-1,0,0,-0.333064,-0.748123,-0.573917,-0.333064,-0.748123,-0.573917,-0.333064,-0.748123,-0.573917,-0.333066,0.748119,-0.573921,-0.333066,0.748119,-0.573921,-0.333066,0.748119,-0.573921,-0.577345,-0.57736,0.577345,-0.577345,-0.57736,0.577345,-0.577345,-0.57736,0.577345,-0.577348,0.577355,0.577348,-0.577348,0.577355,0.577348,-0.577348,0.577355,0.577348,-0.501935,0,-0.864906,-0.501935,0,-0.864906,-0.501935,0,-0.864906,-0.501935,0,-0.864906,0.350825,0.707103,-0.613944,0.350823,0.707108,-0.61394,0.350823,0.707108,-0.61394,0.350825,0.707103,-0.613944,0.35082,-0.707112,-0.613936,0.35082,-0.707112,-0.613936,0.350823,-0.707107,-0.61394,0.350823,-0.707107,-0.61394,0,-0.707116,0.707098,0,-0.707116,0.707098,0,-0.707116,0.707098,0,-0.707116,0.707098,0,0.707111,0.707102,0,0.707111,0.707102,0,0.707111,0.707102,0,0.707111,0.707102,-0.707107,0,0.707107,-0.707107,0,0.707107,-0.707107,0,0.707107,-0.707107,0,0.707107,-0.707098,-0.707116,0,-0.707098,-0.707116,0,-0.707098,-0.707116,0,-0.707098,-0.707116,0,-0.707102,0.707111,0,-0.707102,0.707111,0,-0.707102,0.707111,0,-0.707102,0.707111,0,0.797883,-0.564344,0.211895,0.797883,-0.564344,0.211895,0.797883,-0.564344,0.211895,0.797886,0.564339,0.211896,0.797886,0.564339,0.211896,0.797886,0.564339,0.211896,0.966498,0,0.256675,0.966498,0,0.256675,0.966498,0,0.256675,0.966498,0,0.256675]},"texCoord0":{"type":"float32","components":2,