{"model":{"version":3,"nodes":[{"name":"RootNode","position":[0,0,0],"rotation":[0,0,0],"scale":[0.01,0.01,0.01],"scaleCompensation":false},{"name":"pPlane212","position":[2.75335e-12,-1.77636e-12,7.10543e-13],"rotation":[0,0,0],"scale":[1,1,1],"scaleCompensation":false}],"parents":[-1,0],"skins":[],"morphs":[],"vertices":[{"position":{"type":"float32","components":3,"data":[-778.773,0,2566.18,-778.773,1723.65,1763.03,-778.773,1723.65,2566.18,-778.773,-5.68434e-14,1763.03,3766.74,1723.65,1763.03,-778.773,-5.68434e-14,1763.03,3766.74,-1.13687e-13,1763.03,-778.773,1723.65,1763.03,-797.125,1723.65,1744.68,-797.125,0,2566.18,-797.125,1723.65,2566.18,-797.125,0,1744.68,-797.125,1723.65,1744.68,3766.74,1723.65,1744.68,-797.125,0,1744.68,3766.74,0,1744.68,-797.125,0,2566.18,-778.773,-5.68434e-14,1763.03,-778.773,0,2566.18,-797.125,0,1744.68,-797.125,1723.65,2566.18,-778.773,0,2566.18,-778.773,1723.65,2566.18,-797.125,0,2566.18,-778.773,1723.65,2566.18,-778.773,1723.65,1763.03,-797.125,1723.65,2566.18,-797.125,1723.65,1744.68,3766.74,1723.65,1763.03,3766.74,-1.13687e-13,1763.03,3766.74,0,1744.68,3766.74,1723.65,1744.68,3766.74,0,1744.68,3766.74,-1.13687e-13,1763.03,3766.74,1723.65,1744.68,3766.74,1723.65,1763.03,-4491.11,1723.65,2566.18,-4491.11,0,2566.18,-4482.58,1723.65,2566.18,-4482.58,0,2566.18,-4482.58,1723.65,-257.216,-4482.58,1723.65,-615.387,-4491.11,1723.65,-257.216,-4491.11,1723.65,-615.387,-4491.11,0,-615.387,-4491.11,1723.65,-615.387,-4482.58,0,-615.387,-4482.58,1723.65,-615.387,-4491.11,0,-257.216,-4491.11,0,-615.387,-4482.58,0,-257.216,-4482.58,0,-615.387,-4064.94,0,-615.387,-4064.94,1723.65,-615.387,-4064.94,0,-257.216,-4064.94,1723.65,-257.216,-4491.11,1723.65,-257.216,-4491.11,0,-615.387,-4491.11,0,-257.216,-4491.11,1723.65,-615.387,-4064.94,1723.65,-257.216,-4064.94,1723.65,-615.387,-4064.94,1723.65,-615.387,-4064.94,0,-615.387,-4064.94,0,-257.216,-4064.94,0,-615.387,-4064.94,0,-257.216,-4064.94,1723.65,-257.216,-4482.58,1723.65,-257.216,-4482.58,0,-257.216,-4491.11,0,2566.18,-4482.58,0,2566.18,-4482.58,1723.65,2566.18,-4482.58,0,2566.18,-4482.58,0,-257.216,-4482.58,1723.65,-257.216,-4482.58,1723.65,2566.18,-4491.11,1723.65,2566.18,-4491.11,0,2566.18,-4491.11,1723.65,2566.18,-4491.11,1723.65,-257.216,-4491.11,0,-257.216,3766.74,0,919.01,3766.74,1723.65,1744.68,3766.74,0,1744.68,3766.74,1723.65,919.01,3766.74,1723.65,919.01,3965.83,0,919.01,3965.83,1723.65,919.01,3766.74,0,919.01,3750.42,1723.65,902.236,3750.42,0,902.236,3750.42,1723.65,1744.68,3750.42,0,1744.68,3750.42,1723.65,902.236,3965.83,0,902.236,3750.42,0,902.236,3965.83,1723.65,902.236,3766.74,1723.65,1744.68,3766.74,1723.65,919.01,3750.42,1723.65,1744.68,3750.42,1723.65,902.236,3750.42,0,1744.68,3766.74,0,919.01,3766.74,0,1744.68,3750.42,0,902.236,3750.42,1723.65,1744.68,3750.42,0,1744.68,3766.74,1723.65,1744.68,3766.74,0,1744.68,3766.74,0,919.01,3965.83,0,902.236,3965.83,0,919.01,3750.42,0,902.236,3965.83,1723.65,902.236,3965.83,1723.65,919.01,3965.83,0,919.01,3965.83,1723.65,902.236,3965.83,1723.65,919.01,3965.83,0,902.236,-2607.85,1723.65,-434.872,-2607.85,0,-434.872,-2589.3,1723.65,-434.872,-2589.3,0,-434.872,-2589.3,1723.65,-1742.92,-2607.85,1723.65,-1421.92,-2589.3,1723.65,-1421.92,-2607.85,1723.65,-1742.92,-2607.85,0,-1742.92,-2607.85,1723.65,-1742.92,-2589.3,0,-1742.92,-2589.3,1723.65,-1742.92,-2607.85,0,-1421.92,-2607.85,0,-1742.92,-2589.3,0,-1421.92,-2589.3,0,-1742.92,-2113.65,0,-1742.92,-2113.65,1723.65,-1742.92,-2113.65,0,-1421.92,-2113.65,1723.65,-1421.92,-2607.85,1723.65,-1421.92,-2607.85,0,-1742.92,-2607.85,0,-1421.92,-2607.85,1723.65,-1742.92,-2113.65,1723.65,-1742.92,-2113.65,1723.65,-1421.92,-2113.65,1723.65,-1742.92,-2113.65,0,-1742.92,-2113.65,0,-1421.92,-2113.65,0,-1742.92,-2113.65,0,-1421.92,-2113.65,1723.65,-1421.92,-2589.3,1723.65,-1421.92,-2589.3,0,-1421.92,-2607.85,0,-434.872,-2589.3,0,-434.872,-2589.3,1723.65,-434.872,-2589.3,0,-434.872,-2589.3,0,-1421.92,-2589.3,1723.65,-1421.92,-2589.3,1723.65,-434.872,-2607.85,1723.65,-434.872,-2607.85,0,-434.872,-2607.85,1723.65,-434.872]},"normal":{"type":"float32","components":3,"data":[1,0,0,1,0,0,1,0,0,1,0,0,1.27911e-17,0,1,1.27911e-17,0,1,1.27911e-17,0,1,1.27911e-17,0,1,-1,0,0,-1,0,0,-1,0,0,-1,0,0,0,0,-1,0,0,-1,0,0,-1,0,0,-1,-1.56622e-15,-1,3.49878e-17,-2.42377e-16,-1,-3.9358e-15,-1.56622e-15,-1,3.49878e-17,-2.4245e-16,-1,-3.93558e-15,0,0,1,0,0,1,0,0,1,0,0,1,0,1,0,0,1,5.07748e-06,0,1,0,0,1,5.0772e-06,1,0,0,1,0,0,1,0,0,1,0,0,-6.2401e-18,-1,-4.64407e-15,-6.2401e-18,-1,-4.64407e-15,0,1,5.98316e-06,0,1,5.98316e-06,0,0,1,0,0,1,0,0,1,0,0,1,0,1,0,0,1,0,0,1,0,0,1,0,0,0,-1,0,0,-1,0,0,-1,0,0,-1,0,-1,0,0,-1,0,0,-1,0,0,-1,0,1,0,0,1,0,0,1,0,0,1,0,0,-1,0,0,-1,0,0,-1,0,0,-1,0,0,0,1,0,0,1,0,0,0,-1,0,0,-1,0,-1,0,0,-1,0,0,0,1,0,0,1,0,0,1,0,0,1,0,-1,0,0,-1,0,1,0,0,1,0,0,1,0,0,1,0,0,0,1,0,0,1,0,-1,0,0,-1,0,0,-1,0,0,-1,0,0,1,0,0,1,0,0,1,0,0,1,0,0,0,0,1,0,0,1,0,0,1,0,0,1,-1,0,0,-1,0,0,-1,0,0,-1,0,0,0,0,-1,0,0,-1,0,0,-1,0,0,-1,0,1,0,0,1,0,0,1,0,0,1,0,0,-1,0,0,-1,0,0,-1,0,0,-1,0,-8.88581e-06,0,1,-8.88581e-06,0,1,-8.88581e-06,0,1,-8.88581e-06,0,1,0,-1,0,0,-1,0,0,-1,0,0,-1,0,0,1,0,0,1,0,1,0,0,1,0,0,1,0,0,1,0,0,0,0,1,0,0,1,0,0,1,0,0,1,0,1,0,0,1,0,0,1,0,0,1,0,0,0,-1,0,0,-1,0,0,-1,0,0,-1,0,-1,0,0,-1,0,0,-1,0,0,-1,0,1,0,0,1,0,0,1,0,0,1,0,0,-1,0,0,-1,0,0,-1,0,0,-1,0,0,0,1,0,0,1,0,0,0,-1,0,0,-1,0,-1,0,0,-1,0,0,0,1,0,0,1,0,0,1,0,0,1,0,-1,0,0,-1,0,1,0,0,1,0,0,1,0,0,1,0,0,0,1,0,0,1,0,-1,0,0,-1,0,0]},"texCoord0":{"type":"float32","components":2,